,AGE,TRANS_CIS,GEDUCATION,POVERTYCAT_I,RACE_RECODE_CAT5,SEX
0,65,Trans,4,4,1,Male
1,38,Trans,5,3,1,Female
2,25,Trans,3,4,1,Female
3,18,Trans,1,4,1,Female
4,30,Trans,4,4,3,Female
5,64,Trans,4,2,4,Female
6,61,Trans,6,4,1,Male
7,57,Trans,3,1,4,Female
8,54,Trans,4,1,2,Female
9,21,Trans,4,2,1,Male
10,36,Trans,6,4,1,Male
11,20,Trans,2,3,1,Female
12,64,Trans,4,1,4,Female
13,43,Trans,2,1,2,Female
14,30,Trans,4,3,4,Male
15,23,Trans,5,3,1,Male
16,40,Trans,2,1,1,Male
17,72,Trans,5,4,4,Male
18,19,Trans,1,3,1,Female
19,58,Trans,4,1,3,Male
20,21,Trans,2,2,5,Male
21,26,Trans,5,1,2,Male
22,30,Trans,5,4,1,Female
23,55,Trans,2,1,1,Female
24,62,Trans,6,2,5,Female
25,64,Trans,2,4,1,Male
26,43,Trans,1,1,1,Male
27,72,Trans,6,4,1,Male
28,45,Trans,6,4,1,Male
29,71,Trans,6,4,1,Male
30,59,Trans,5,3,1,Male
31,27,Trans,5,3,1,Male
32,72,Trans,2,3,1,Male
33,64,Trans,5,3,1,Male
34,32,Trans,4,1,4,Female
35,46,Trans,5,4,3,Male
36,29,Trans,5,4,1,Female
37,23,Trans,2,4,3,Female
38,47,Trans,6,4,1,Male
39,20,Trans,5,1,2,Male
40,26,Trans,5,2,1,Female
41,26,Trans,4,2,1,Male
42,61,Trans,6,4,1,Male
43,40,Trans,4,4,1,Male
44,56,Trans,6,4,1,Male
45,66,Trans,2,1,2,Male
46,54,Trans,2,4,1,Male
47,20,Trans,2,2,1,Male
48,28,Trans,5,4,2,Female
49,33,Trans,5,3,1,Male
50,30,Trans,4,4,4,Male
51,24,Trans,5,4,4,Male
52,42,Trans,5,3,1,Male
53,27,Trans,6,2,1,Female
54,19,Trans,2,3,1,Male
55,32,Trans,5,3,1,Male
56,19,Trans,2,2,4,Female
57,24,Trans,5,3,1,Female
58,19,Trans,4,2,1,Female
59,65,Trans,6,4,3,Male
60,66,Trans,5,4,1,Male
61,27,Trans,5,4,1,Male
62,23,Trans,4,2,1,Female
63,71,Trans,6,4,1,Male
64,21,Trans,4,1,1,Female
65,45,Trans,4,4,1,Female
66,20,Trans,2,3,1,Female
67,64,Trans,6,4,1,Female
68,33,Trans,6,4,1,Female
69,36,Trans,4,2,1,Male
70,52,Trans,2,2,1,Female
71,59,Trans,3,3,1,Male
72,20,Trans,4,3,5,Female
73,40,Trans,6,3,1,Male
74,21,Trans,4,1,2,Female
75,32,Trans,5,4,1,Male
76,18,Trans,2,4,1,Female
77,24,Trans,4,3,3,Male
78,65,Trans,4,2,1,Male
79,33,Trans,3,1,1,Male
80,19,Trans,2,1,1,Female
81,29,Trans,4,3,1,Female
82,29,Trans,5,3,1,Female
83,57,Trans,4,1,4,Female
84,34,Trans,5,3,1,Male
85,52,Trans,5,1,1,Male
86,71,Trans,4,4,1,Male
87,24,Trans,5,1,3,Female
88,37,Trans,5,4,1,Female
89,57,Trans,2,2,3,Female
90,32,Trans,4,3,1,Male
91,18,Trans,2,1,3,Female
92,19,Trans,6,1,1,Male
93,22,Trans,4,1,1,Male
94,22,Trans,4,2,1,Female
95,29,Trans,3,1,1,Male
96,21,Trans,4,1,1,Female
97,32,Trans,2,1,2,Female
98,32,Trans,2,1,1,Male
99,21,Trans,5,4,1,Male
100,19,Trans,2,3,1,Female
101,25,Trans,4,1,1,Female
102,26,Trans,6,4,2,Male
103,20,Trans,4,4,4,Male
104,37,Trans,4,3,1,Male
105,58,Trans,5,3,1,Female
106,29,Trans,2,3,5,Male
107,31,Trans,5,4,1,Male
108,21,Trans,4,2,1,Female
109,34,Trans,4,1,2,Male
110,22,Trans,4,4,1,Male
111,24,Trans,6,2,1,Female
112,61,Trans,4,1,1,Male
113,39,Trans,4,1,1,Male
114,38,Trans,5,2,3,Female
115,26,Trans,5,4,1,Male
116,21,Trans,4,2,1,Female
117,46,Trans,5,1,4,Female
118,60,Trans,2,1,1,Male
119,48,Trans,5,2,1,Male
120,18,Trans,2,4,5,Female
121,24,Trans,4,2,1,Female
122,18,Trans,4,4,1,Female
123,18,Trans,2,4,1,Female
124,42,Trans,4,1,2,Female
125,28,Trans, ,3,5,Male
126,43,Trans,5,4,1,Female
127,69,Trans, ,1,3,Female
128,69,Trans,2,1,3,Male
129,65,Trans,2,4,5,Male
130,37,Trans,6,3,3,Male
131,59,Trans,3,4,1,Female
132,58,Trans,3,1,2,Male
133,72,Trans,4,4,1,Male
134,20,Trans,4,2,1,Female
135,32,Trans,2,2,4,Male
136,55,Trans,4,4,2,Female
137,19,Trans,4,4,5,Female
138,19,Trans,4,1,1,Female
139,55,Trans,4,2,4,Male
140,24,Trans,2,2,4,Male
141,33,Trans,6,3,1,Female
142,26,Trans,6,4,1,Female
143,23,Trans,4,4,1,Female
144,35,Trans,4,1,1,Female
145,19,Trans,2,1,1,Female
146,44,Trans,5,2,1,Female
147,59,Trans,4,4,1,Male
148,21,Trans,2,2,1,Female
149,66,Trans,4,4,1,Male
150,22,Trans,6,1,5,Male
151,22,Trans,2,3,1,Female
152,54,Trans,2,2,3,Male
153,55,Trans,1,3,3,Female
154,29,Trans,5,4,1,Female
155,20,Trans,4,1,3,Female
156,26,Trans,4,1,1,Male
157,23,Trans,2,1,4,Male
158,51,Trans,6,4,4,Female
159,34,Trans,4,4,1,Male
160,34,Trans,6,4,1,Male
161,36,Trans,6,4,1,Female
162,27,Trans,4,4,1,Male
163,38,Trans,5,4,1,Male
164,20,Trans,4,1,1,Female
165,60,Trans,4,4,1,Male
166,45,Trans,4,1,5,Male
167,33,Trans,3,4,2,Female
168,42,Trans, ,4,3,Male
169,38,Trans,5,2,1,Female
170,37,Trans,6,4,1,Male
171,21,Trans,5,1,1,Female
172,53,Trans,6,2,1,Female
173,24,Trans,1,4,1,Male
174,72,Cis,4,2,1,Male
175,52,Cis,6,4,1,Female
176,34,Cis,4,1,1,Male
177,60,Cis,4,1,1,Female
178,72,Cis,1,2,1,Female
179,57,Cis,6,4,1,Male
180,57,Cis,2,3,1,Female
181,66,Cis,3,2,2,Female
182,42,Cis,5,3,4,Female
183,72,Cis,4,4,1,Male
184,56,Cis,5,3,1,Female
185,59,Cis,2,2,1,Male
186,49,Cis,4,4,1,Female
187,72,Cis,6,4,1,Female
188,72,Cis,2,4,1,Male
189,68,Cis,5,2,1,Female
190,64,Cis,6,4,1,Male
191,19,Cis,1,4,1,Male
192,44,Cis,5,3,1,Female
193,30,Cis,5,4,1,Male
194,60,Cis,5,4,1,Female
195,66,Cis,4,1,1,Female
196,55,Cis,6,4,1,Female
197,51,Cis,6,4,1,Female
198,39,Cis,6,4,4,Female
199,37,Cis,6,4,1,Male
200,60,Cis,4,3,1,Male
201,29,Cis,5,4,1,Female
202,72,Cis,4,3,1,Female
203,59,Cis,2,4,1,Male
204,35,Cis,5,2,1,Female
205,64,Cis,4,4,1,Male
206,66,Cis,6,1,1,Male
207,65,Cis,5,4,1,Male
208,72,Cis,5,4,1,Male
209,23,Cis,4,2,3,Female
210,51,Cis,1,1,1,Male
211,68,Cis,6,4,1,Female
212,72,Cis,4,4,4,Male
213,56,Cis,3,3,3,Male
214,65,Cis,6,4,1,Female
215,72,Cis,4,2,3,Male
216,66,Cis,6,4,3,Male
217,65,Cis,5,4,1,Female
218,33,Cis,4,1,1,Male
219,71,Cis,3,4,1,Female
220,72,Cis,6,4,1,Male
221,72,Cis,6,4,1,Male
222,61,Cis,4,1,1,Female
223,69,Cis,6,4,1,Female
224,63,Cis,5,4,1,Male
225,66,Cis,6,2,1,Female
226,72,Cis,5,4,1,Female
227,72,Cis,6,3,1,Female
228,28,Cis,6,1,1,Female
229,68,Cis,4,4,1,Female
230,71,Cis,3,4,1,Male
231,72,Cis,4,3,1,Female
232,72,Cis,2,2,1,Male
233,72,Cis,6,4,1,Female
234,60,Cis,2,1,4,Female
235,62,Cis,2,3,1,Female
236,61,Cis,2,4,1,Male
237,72,Cis,6,4,1,Male
238,72,Cis,6,4,1,Male
239,65,Cis,4,2,2,Male
240,36,Cis,6,4,1,Male
241,46,Cis,2,1,4,Female
242,64,Cis,2,4,1,Female
243,65,Cis,4,1,1,Female
244,31,Cis,5,1,3,Female
245,65,Cis,6,4,1,Female
246,68,Cis,6,4,1,Male
247,41,Cis,4,3,1,Male
248,29,Cis,6,4,1,Male
249,43,Cis,6,4,1,Female
250,60,Cis,5,4,1,Female
251,57,Cis,5,4,1,Female
252,42,Cis,4,4,1,Male
253,22,Cis,4,1,1,Male
254,53,Cis,4,4,1,Male
255,72,Cis,5,4,1,Female
256,64,Cis,5,4,1,Female
257,26,Cis,4,4,2,Male
258,72,Cis,6,4,1,Male
259,71,Cis,5,3,1,Male
260,52,Cis,3,4,1,Female
261,68,Cis,5,4,3,Male
262,72,Cis,4,3,1,Male
263,69,Cis,4,3,1,Female
264,42,Cis,1,1,1,Female
265,30,Cis,5,3,3,Male
266,43,Cis,4,4,3,Female
267,38,Cis,5,3,1,Female
268,67,Cis,5,4,1,Female
269,41,Cis,4,1,2,Female
270,69,Cis,5,1,1,Female
271,41,Cis,4,4,1,Male
272,72,Cis,6,3,1,Male
273,46,Cis,5,4,1,Male
274,45,Cis,3,3,1,Male
275,51,Cis,5,4,1,Male
276,37,Cis,5,2,1,Female
277,72,Cis,6,3,1,Female
278,56,Cis,4,4,1,Male
279,60,Cis,2,3,1,Male
280,72,Cis,6,4,1,Male
281,41,Cis,6,3,1,Female
282,37,Cis,5,4,1,Male
283,65,Cis,6,4,1,Male
284,69,Cis,4,3,1,Female
285,34,Cis,6,3,2,Male
286,59,Cis,4,4,3,Male
287,72,Cis,5,3,1,Female
288,31,Cis,2,3,4,Male
289,47,Cis,4,4,4,Male
290,72,Cis,2,3,1,Male
291,26,Cis,5,3,4,Male
292,44,Cis,5,4,1,Female
293,48,Cis,4,4,1,Female
294,44,Cis,5,4,1,Male
295,31,Cis,4,1,2,Female
296,60,Cis,4,4,1,Male
297,37,Cis,4,1,1,Female
298,70,Cis,5,4,1,Female
299,70,Cis,5,4,1,Male
300,31,Cis,4,3,5,Male
301,72,Cis,6,4,1,Male
302,23,Cis,4,4,1,Male
303,61,Cis,4,2,1,Male
304,50,Cis,5,4,1,Male
305,62,Cis,4,2,1,Female
306,30,Cis,2,1,2,Male
307,72,Cis,6,2,1,Female
308,54,Cis,5,4,1,Male
309,60,Cis,4,4,1,Female
310,52,Cis,2,1,1,Male
311,65,Cis,6,4,1,Female
312,47,Cis,5,4,1,Male
313,72,Cis,4,4,1,Male
314,69,Cis,4,4,1,Male
315,62,Cis,2,1,1,Female
316,72,Cis,6,4,1,Male
317,72,Cis,5,4,1,Female
318,48,Cis,4,3,4,Male
319,50,Cis,6,4,1,Female
320,62,Cis,6,4,2,Male
321,69,Cis,4,3,1,Female
322,20,Cis,4,3,1,Female
323,67,Cis,2,1,1,Female
324,55,Cis,5,3,1,Male
325,48,Cis,5,4,2,Female
326,64,Cis,6,4,1,Male
327,62,Cis,2,3,1,Male
328,32,Cis,4,2,3,Female
329,69,Cis,4,4,1,Male
330,55,Cis,4,1,4,Male
331,70,Cis,1,1,1,Male
332,29,Cis,6,4,1,Male
333,60,Cis,2,2,1,Male
334,68,Cis,6,4,1,Female
335,54,Cis,6,4,1,Male
336,72,Cis,4,2,1,Male
337,45,Cis,5,4,1,Male
338,47,Cis,5,4,1,Female
339,72,Cis,2,4,1,Female
340,72,Cis,5,2,1,Male
341,46,Cis,5,4,1,Female
342,72,Cis,2,3,1,Male
343,56,Cis,2,3,3,Female
344,35,Cis,4,1,4,Female
345,51,Cis,6,4,5,Male
346,47,Cis,6,4,1,Male
347,72,Cis,5,4,1,Male
348,72,Cis,4,2,1,Female
349,27,Cis,4,4,1,Male
350,72,Cis,4,3,1,Female
351,22,Cis,4,2,1,Male
352,69,Cis,4,4,1,Male
353,54,Cis,6,4,1,Female
354,70,Cis,6,4,1,Female
355,33,Cis,6,4,1,Female
356,72,Cis,6,4,1,Female
357,28,Cis,3,1,3,Male
358,47,Cis,5,4,1,Male
359,57,Cis,1,1,2,Female
360,72,Cis,4,3,1,Female
361,62,Cis,5,4,1,Male
362,71,Cis,2,2,1,Female
363,72,Cis,2,2,1,Male
364,63,Cis,2,3,2,Male
365,69,Cis,5,4,1,Female
366,67,Cis,2,4,1,Male
367,71,Cis,4,2,1,Female
368,52,Cis,2,4,1,Female
369,26,Cis,4,4,1,Female
370,30,Cis,6,4,1,Male
371,31,Cis,2,2,1,Male
372,63,Cis,2,3,1,Female
373,31,Cis,5,4,1,Female
374,69,Cis,6,4,1,Male
375,26,Cis,5,4,1,Male
376,38,Cis,4,4,1,Female
377,38,Cis,4,2,1,Female
378,47,Cis,4,1,1,Female
379,68,Cis,6,4,1,Female
380,72,Cis,2,4,1,Female
381,43,Cis,4,1,5,Male
382,27,Cis,3,4,1,Female
383,22,Cis,1,1,1,Female
384,26,Cis,6,4,1,Female
385,72,Cis,1,3,1,Male
386,34,Cis,2,4,1,Male
387,72,Cis,6,4,1,Male
388,64,Cis,3,4,1,Male
389,32,Cis,4,2,1,Female
390,57,Cis,3,2,1,Male
391,68,Cis,4,3,1,Male
392,56,Cis,2,4,1,Female
393,72,Cis,6,4,1,Male
394,66,Cis,5,2,1,Female
395,59,Cis,5,4,1,Female
396,72,Cis,6,4,1,Male
397,49,Cis,4,2,1,Female
398,63,Cis,4,1,2,Female
399,66,Cis,6,4,1,Female
400,35,Cis,2,3,1,Male
401,62,Cis,5,4,1,Female
402,68,Cis,6,4,1,Male
403,57,Cis,6,4,1,Male
404,67,Cis,5,4,1,Male
405,23,Cis,4,1,1,Female
406,65,Cis,5,2,2,Female
407,72,Cis,2,2,1,Male
408,47,Cis,1,2,1,Female
409,52,Cis,6,4,1,Male
410,58,Cis,6,4,1,Female
411,72,Cis,2,3,1,Female
412,25,Cis,5,2,1,Female
413,72,Cis,4,4,4,Female
414,23,Cis,2,3,1,Male
415,72,Cis,5,4,1,Male
416,72,Cis,4,4,1,Male
417,72,Cis,4,2,1,Female
418,60,Cis,4,1,1,Male
419,61,Cis,3,3,1,Male
420,72,Cis,2,2,1,Female
421,53,Cis,4,4,1,Female
422,58,Cis,5,4,1,Female
423,48,Cis,6,4,1,Female
424,72,Cis,6,4,4,Male
425,22,Cis,4,3,1,Female
426,58,Cis,6,2,1,Female
427,72,Cis,4,4,1,Male
428,26,Cis,5,3,1,Male
429,38,Cis,5,3,1,Female
430,72,Cis,2,2,1,Female
431,72,Cis,4,4,1,Female
432,71,Cis,4,4,1,Male
433,46,Cis,5,4,1,Male
434,72,Cis,5,2,1,Female
435,37,Cis,6,4,3,Female
436,69,Cis,4,2,1,Female
437,39,Cis,4,3,4,Female
438,57,Cis,6,3,1,Female
439,72,Cis,6,4,1,Male
440,48,Cis,2,4,1,Male
441,66,Cis,5,4,1,Female
442,70,Cis,6,4,5,Male
443,34,Cis,4,4,1,Male
444,72,Cis,4,2,1,Female
445,72,Cis,5,1,1,Female
446,44,Cis,4,3,1,Female
447,57,Cis,4,1,1,Female
448,72,Cis,2,3,1,Female
449,58,Cis,2,1,1,Female
450,72,Cis,6,4,1,Male
451,51,Cis,5,4,1,Male
452,67,Cis,4,4,1,Male
453,69,Cis,4,4,1,Female
454,72,Cis,4,4,1,Male
455,25,Cis,4,4,1,Male
456,67,Cis,2,1,1,Female
457,72,Cis,5,4,1,Female
458,71,Cis,6,4,1,Female
459,65,Cis,4,4,1,Male
460,68,Cis,4,2,1,Male
461,62,Cis,5,4,1,Male
462,71,Cis,4,4,1,Male
463,66,Cis,4,1,4,Female
464,38,Cis,4,1,1,Male
465,64,Cis,4,1,1,Female
466,61,Cis,5,4,1,Female
467,51,Cis,3,4,1,Male
468,52,Cis,2,1,2,Male
469,72,Cis,6,2,1,Female
470,54,Cis,4,2,1,Female
471,70,Cis,4,2,1,Female
472,50,Cis,5,4,1,Male
473,64,Cis,6,2,4,Female
474,56,Cis,5,4,1,Male
475,55,Cis,6,4,1,Female
476,57,Cis,1,1,1,Female
477,40,Cis,4,2,1,Male
478,63,Cis,6,1,1,Female
479,34,Cis,2,2,1,Male
480,55,Cis,4,3,1,Female
481,64,Cis,6,4,1,Female
482,69,Cis,4,4,1,Female
483,72,Cis,5,3,1,Male
484,28,Cis,5,3,4,Female
485,42,Cis,2,1,1,Male
486,45,Cis,6,1,1,Female
487,72,Cis,6,4,1,Male
488,66,Cis,4,2,1,Male
489,29,Cis,4,4,1,Female
490,72,Cis,4,3,2,Male
491,54,Cis,5,4,1,Female
492,71,Cis,5,4,1,Male
493,20,Cis,4,1,1,Female
494,36,Cis,6,3,1,Male
495,41,Cis,4,2,2,Male
496,32,Cis,6,4,1,Male
497,72,Cis,1,2,2,Female
498,71,Cis,5,4,1,Female
499,72,Cis,3,3,1,Male
500,72,Cis,2,1,2,Female
501,50,Cis,2,1,1,Female
502,71,Cis,5,4,1,Female
503,72,Cis,2,2,1,Female
504,58,Cis,4,4,1,Female
505,52,Cis,4,4,4,Male
506,72,Cis,1,2,2,Female
507,72,Cis,2,1,1,Female
508,65,Cis,5,3,1,Female
509,68,Cis,5,3,1,Male
510,61,Cis,5,4,1,Female
511,58,Cis,4,4,1,Male
512,67,Cis,4,3,1,Female
513,31,Cis,4,4,1,Female
514,64,Cis,6,4,1,Male
515,58,Cis,2,3,4,Female
516,47,Cis,5,4,1,Male
517,61,Cis,4,2,1,Male
518,63,Cis,4,4,1,Male
519,72,Cis,4,4,1,Female
520,62,Cis,2,1,1,Female
521,69,Trans,2,1,1,Female
522,30,Cis,6,4,2,Female
523,66,Cis,6,4,1,Female
524,48,Cis,6,4,1,Female
525,68,Cis,5,4,1,Male
526,48,Cis,6,4,4,Female
527,50,Cis,4,4,3,Male
528,34,Trans,6,2,3,Female
529,26,Trans,5,2,1,Male
530,58,Trans,5,1,4,Male
531,63,Trans,6,4,1,Male
532,21,Trans,4,2,1,Male
533,27,Trans,5,1,4,Female
534,20,Trans,2,3,1,Female
535,51,Trans,2,2,1,Male
536,20,Trans,4,3,1,Female
537,31,Trans,5,4,1,Male
538,53,Trans,2,3,1,Male
539,32,Trans,6,4,5,Male
540,72,Trans,2,2,1,Male
541,31,Trans,6,4,1,Male
542,36,Trans,4,3,1,Male
543,39,Trans,5,4,1,Male
544,54,Trans,6,4,1,Female
545,61,Trans,4,1,1,Female
546,19,Trans,4,2,1,Female
547,20,Trans,4,3,1,Female
548,54,Trans,4,1,3,Male
549,29,Trans,6,4,1,Female
550,72,Trans,4,1,3,Male
551,44,Trans,3,4,3,Male
552,72,Trans,5,3,5,Female
553,50,Trans,3,4,1,Male
554,34,Trans,5,4,1,Female
555,51,Trans,4,2,1,Male
556,32,Trans,4,4,1,Male
557,69,Trans,6,4,1,Male
558,45,Trans,4,1,1,Male
559,24,Trans,6,2,1,Female
560,19,Trans,2,2,3,Female
561,21,Trans,5,1,1,Female
562,43,Trans,2,1,1,Female
563,70,Trans,3,4,1,Male
564,43,Trans,6,4,1,Female
565,47,Trans,2,1,1,Female
566,51,Trans,6,4,5,Male
567,29,Trans,2,4,3,Male
568,48,Trans,4,3,1,Female
569,29,Trans,5,4,4,Female
570,53,Trans,4,4,5,Male
571,25,Trans,6,3,1,Male
572,37,Trans,5,4,1,Female
573,28,Trans,4,1,3,Female
574,29,Trans,2,2,1,Male
575,54,Trans,4,4,1,Male
576,34,Trans,6,4,1,Female
577,65,Trans,6,4,1,Female
578,64,Trans,2,2,1,Female
579,43,Trans,6,1,2,Female
580,30,Trans,5,4,2,Female
581,69,Trans,3,2,1,Male
582,21,Trans,4,2,2,Female
583,32,Trans,6,4,1,Female
584,34,Trans,6,3,1,Female
585,18,Trans,4,3,3,Female
586,30,Trans,5,4,1,Male
587,49,Trans,3,1,1,Female
588,21,Trans,4,3,1,Male
589,50,Trans,6,3,1,Male
590,66,Trans,6,4,1,Male
591,55,Trans,5,4,1,Female
592,24,Trans,4,4,1,Female
593,23,Trans,4,2,3,Female
594,30,Trans,6,3,1,Male
595,36,Trans,4,3,1,Male
596,20,Trans,4,4,4,Female
597,23,Trans,4,1,1,Female
598,61,Trans,6,4,1,Male
599,56,Trans,5,4,1,Male
600,59,Trans,1,1,2,Male
601,28,Trans,5,4,1,Male
602,39,Trans,6,4,2,Female
603,36,Trans,6,4,1,Female
604,61,Trans,4,4,1,Male
605,30,Trans,5,4,5,Female
606,25,Trans,5,3,1,Female
607,62,Trans,6,1,4,Male
608,64,Trans, ,2,4,Female
609,35,Trans,3,3,1,Female
610,23,Trans,6,1,1,Male
611,45,Trans,4,3,1,Female
612,44,Trans,2,4,1,Female
613,70,Trans,2,1,1,Male
614,60,Trans,5,4,4,Male
615,32,Trans,2,4,1,Male
616,28,Trans,4,2,1,Male
617,72,Trans,4,3,1,Male
618,53,Trans,3,2,1,Male
619,52,Trans,5,4,2,Male
620,20,Trans,2,3,1,Female
621,21,Trans,3,2,2,Female
622,53,Trans,5,1,5,Male
623,71,Trans,5,4,1,Male
624,72,Trans,6,4,1,Male
625,20,Trans,2,3,1,Female
626,72,Cis,2,4,1,Female
627,56,Cis,5,3,1,Female
628,72,Cis,4,3,1,Male
629,72,Cis,4,4,1,Male
630,72,Cis,4,2,3,Female
631,53,Cis,6,4,1,Male
632,58,Cis,5,4,1,Male
633,62,Cis,4,2,2,Female
634,48,Cis,4,4,1,Male
635,50,Cis,2,4,3,Male
636,72,Cis,6,4,1,Male
637,43,Cis,5,4,1,Female
638,55,Cis,5,4,1,Male
639,66,Cis,2,1,1,Female
640,72,Cis,6,4,1,Female
641,63,Cis,6,4,1,Male
642,72,Cis,6,4,4,Female
643,72,Cis,5,4,1,Male
644,22,Cis,4,3,1,Female
645,71,Cis,5,4,1,Female
646,72,Cis,4,3,1,Female
647,57,Cis,4,1,1,Male
648,69,Cis,2,1,1,Male
649,71,Cis,6,4,1,Male
650,36,Cis,5,4,1,Female
651,72,Cis,4,2,2,Male
652,72,Cis,4,4,1,Male
653,38,Cis,6,4,1,Male
654,42,Cis,5,4,1,Female
655,72,Cis,6,4,1,Female
656,64,Cis,5,4,1,Male
657,63,Cis,4,4,1,Male
658,65,Cis,2,2,1,Male
659,22,Cis,5,3,1,Female
660,29,Cis,6,4,1,Male
661,48,Cis,5,3,1,Female
662,69,Cis,4,4,1,Female
663,62,Cis,4,2,3,Female
664,72,Cis,4,3,1,Male
665,72,Cis,5,2,1,Female
666,35,Cis,6,4,5,Male
667,66,Cis,2,4,1,Male
668,59,Cis,6,4,1,Female
669,70,Cis,6,4,1,Female
670,59,Cis,5,4,1,Male
671,54,Cis,5,4,1,Male
672,68,Cis,4,2,1,Male
673,53,Cis,6,4,1,Male
674,72,Cis,6,4,4,Male
675,69,Cis,6,4,1,Female
676,71,Cis,4,4,1,Female
677,72,Cis,4,2,1,Female
678,69,Cis,5,4,1,Female
679,72,Cis,3,2,1,Female
680,70,Cis,6,4,1,Female
681,50,Cis,6,4,1,Female
682,33,Cis,6,4,1,Male
683,70,Cis,5,1,1,Male
684,72,Cis,4,2,1,Male
685,72,Cis,2,4,1,Female
686,72,Cis,5,4,3,Male
687,72,Cis,2,2,1,Female
688,32,Cis,4,2,1,Male
689,72,Cis,2,2,1,Male
690,24,Cis,4,1,1,Male
691,58,Cis,5,4,1,Male
692,47,Cis,5,4,1,Female
693,18,Cis,2,1,3,Male
694,35,Cis,4,3,3,Male
695,72,Cis,4,3,1,Female
696,70,Cis,4,4,1,Female
697,64,Cis,5,4,1,Female
698,38,Cis,6,4,1,Female
699,22,Cis,5,4,1,Female
700,43,Cis,5,3,4,Female
701,72,Cis,4,4,1,Male
702,72,Cis,3,4,1,Female
703,58,Cis,6,4,1,Male
704,66,Cis,2,2,1,Male
705,68,Cis,4,2,1,Male
706,53,Cis,6,2,1,Female
707,65,Cis,6,4,1,Male
708,40,Cis,5,2,1,Male
709,70,Cis,6,4,1,Male
710,70,Cis,6,4,1,Male
711,40,Cis,6,4,1,Male
712,18,Cis,4,1,1,Male
713,72,Cis,6,4,5,Male
714,64,Cis,5,4,1,Male
715,72,Cis,6,4,1,Female
716,49,Cis,5,4,1,Female
717,72,Cis,4,4,1,Female
718,72,Cis,4,3,1,Male
719,50,Cis,5,2,1,Male
720,47,Cis,2,3,1,Female
721,63,Cis,6,4,2,Male
722,53,Cis,6,4,1,Male
723,72,Cis,4,1,1,Female
724,35,Cis,4,3,1,Female
725,72,Cis,4,1,4,Male
726,64,Cis,4,4,1,Female
727,67,Cis,6,4,1,Male
728,71,Cis,4,2,1,Female
729,63,Cis,5,2,1,Male
730,68,Cis,6,4,1,Female
731,72,Cis,6,4,1,Male
732,50,Cis,6,4,1,Female
733,72,Cis,6,4,1,Male
734,62,Cis,5,3,1,Male
735,59,Cis,2,1,1,Female
736,60,Cis,6,4,1,Male
737,72,Cis,4,3,1,Male
738,72,Cis,5,4,1,Female
739,72,Cis,4,4,1,Female
740,72,Cis,4,4,1,Female
741,44,Cis,4,2,2,Female
742,59,Cis,6,4,1,Female
743,61,Cis,4,4,1,Female
744,63,Cis,6,4,1,Female
745,65,Cis,6,1,1,Male
746,43,Cis,5,2,1,Male
747,57,Cis,4,4,4,Female
748,62,Cis,6,4,5,Male
749,55,Cis,5,4,1,Female
750,66,Cis,4,4,1,Female
751,64,Cis,1,1,2,Female
752,21,Cis,4,4,1,Male
753,70,Cis,2,2,1,Male
754,72,Cis,4,2,1,Female
755,64,Cis,5,4,1,Female
756,44,Cis,4,4,1,Female
757,69,Cis,5,4,1,Male
758,71,Cis,6,4,5,Male
759,39,Cis,4,4,1,Male
760,72,Cis,5,4,1,Female
761,72,Cis,6,4,1,Female
762,65,Cis,6,4,1,Male
763,63,Cis,2,1,1,Female
764,72,Cis,5,4,1,Female
765,72,Cis,4,4,1,Female
766,72,Cis,4,4,1,Male
767,25,Cis,5,4,3,Female
768,65,Cis,6,1,1,Female
769,56,Cis,4,3,1,Female
770,70,Cis,4,4,1,Female
771,72,Cis,6,4,1,Male
772,57,Cis,5,2,1,Male
773,72,Cis,2,2,1,Female
774,51,Cis,5,4,1,Male
775,55,Cis,2,4,1,Female
776,69,Cis,4,4,1,Female
777,44,Cis,6,4,1,Male
778,51,Cis,6,4,1,Male
779,28,Cis,6,4,1,Female
780,47,Cis,4,3,4,Female
781,58,Cis,4,2,1,Male
782,71,Cis,2,4,1,Female
783,72,Cis,6,2,1,Male
784,35,Cis,5,4,1,Male
785,72,Cis,2,2,1,Female
786,66,Cis,2,3,1,Male
787,71,Cis,5,2,1,Male
788,47,Cis,6,4,5,Female
789,64,Cis,5,4,1,Male
790,56,Cis,6,3,1,Male
791,57,Cis,3,3,1,Female
792,71,Cis,5,4,1,Female
793,69,Cis,5,4,1,Male
794,37,Cis,2,3,1,Male
795,68,Cis,6,4,1,Male
796,72,Cis,6,4,1,Female
797,72,Cis,6,4,1,Male
798,45,Cis,5,4,1,Male
799,23,Cis,2,2,1,Male
800,63,Cis,2,4,1,Male
801,72,Cis,2,4,1,Male
802,55,Cis,5,4,1,Male
803,53,Cis,6,4,1,Female
804,72,Cis,6,4,1,Female
805,35,Cis,1,4,1,Male
806,35,Cis,5,2,1,Male
807,66,Cis,6,4,1,Male
808,72,Cis,6,2,1,Female
809,65,Cis,5,4,1,Female
810,68,Cis,4,4,1,Male
811,57,Cis,2,1,3,Male
812,64,Cis,5,4,1,Male
813,57,Cis,4,1,1,Female
814,30,Cis,4,3,3,Male
815,67,Cis,6,4,1,Male
816,38,Cis,6,4,3,Male
817,65,Cis,5,4,1,Male
818,72,Cis,6,4,1,Female
819,71,Cis,6,4,1,Female
820,72,Cis,2,2,1,Male
821,18,Cis,2,4,1,Male
822,57,Cis,6,4,1,Female
823,63,Cis,5,4,3,Male
824,36,Cis,5,4,1,Male
825,70,Cis,6,4,1,Female
826,18,Cis,2,1,3,Female
827,44,Cis,4,4,3,Male
828,52,Cis,5,4,1,Male
829,62,Cis,6,2,1,Female
830,51,Cis,5,4,1,Female
831,72,Cis,6,3,1,Male
832,72,Cis,4,4,1,Female
833,71,Cis,6,4,1,Female
834,58,Cis,5,4,1,Male
835,47,Cis,6,4,1,Female
836,46,Cis,2,3,1,Male
837,41,Cis,5,4,1,Female
838,57,Cis,6,4,1,Female
839,40,Cis,4,3,1,Female
840,62,Cis,4,4,1,Female
841,26,Cis,6,4,3,Male
842,72,Cis,2,3,1,Female
843,72,Cis,4,3,1,Male
844,69,Cis,4,4,1,Female
845,38,Cis,4,1,2,Female
846,50,Cis,2,3,1,Female
847,72,Cis,4,2,1,Female
848,53,Cis,5,4,3,Male
849,37,Cis,1,1,3,Male
850,22,Cis,4,4,3,Female
851,72,Cis,2,2,1,Male
852,40,Cis,4,4,3,Female
853,64,Cis,5,4,1,Female
854,72,Cis,4,2,1,Female
855,70,Cis,5,3,1,Female
856,63,Cis,2,4,4,Male
857,72,Cis,5,4,1,Female
858,49,Cis,4,3,1,Male
859,72,Cis,4,3,2,Male
860,24,Cis,5,4,5,Female
861,25,Cis,5,4,3,Male
862,64,Cis,5,4,1,Male
863,69,Cis,3,2,1,Female
864,55,Cis,5,4,1,Female
865,72,Cis,4,4,1,Female
866,47,Cis,4,4,1,Female
867,37,Cis,2,1,1,Female
868,20,Cis,4,4,1,Male
869,63,Cis,5,3,1,Male
870,64,Cis,4,3,3,Female
871,72,Cis,2,4,1,Male
872,71,Cis,5,4,1,Female
873,42,Cis,2,4,2,Female
874,64,Cis,6,4,5,Male
875,56,Cis,2,2,1,Female
876,50,Cis,6,4,1,Male
877,68,Cis,5,4,1,Male
878,57,Cis,2,3,1,Female
879,56,Cis,6,4,3,Female
880,37,Cis,4,4,1,Male
881,72,Cis,4,3,1,Female
882,57,Cis,4,1,1,Male
883,48,Cis,5,4,1,Female
884,40,Cis,4,2,3,Male
885,66,Cis,4,4,1,Male
886,45,Cis,6,3,1,Female
887,59,Cis,4,4,1,Female
888,71,Cis,5,4,1,Male
889,37,Cis,5,4,2,Male
890,56,Cis,6,4,1,Female
891,72,Cis,6,3,1,Male
892,72,Cis,6,4,1,Female
893,28,Cis,5,3,1,Female
894,52,Cis,4,4,1,Male
895,71,Cis,6,4,1,Male
896,59,Cis,6,4,5,Male
897,60,Cis,6,3,1,Female
898,68,Cis,4,4,1,Female
899,72,Cis,4,2,1,Female
900,68,Cis,6,4,1,Male
901,72,Cis,2,4,1,Female
902,69,Cis,5,4,1,Female
903,68,Cis,3,3,1,Female
904,51,Cis,2,2,1,Male
905,52,Cis,2,1,1,Male
906,69,Cis,6,4,1,Female
907,64,Cis,5,4,1,Male
908,72,Cis,1,2,1,Female
909,64,Cis,5,4,1,Male
910,72,Cis,5,4,1,Female
911,62,Cis,4,3,1,Female
912,42,Cis,4,2,1,Female
913,72,Cis,6,4,1,Male
914,63,Cis,4,4,1,Male
915,26,Cis,6,4,1,Male
916,72,Cis,6,4,1,Female
917,67,Cis,4,4,1,Female
918,49,Cis,5,4,1,Female
919,56,Cis,4,1,1,Male
920,58,Cis,3,1,1,Female
921,72,Cis,6,4,1,Male
922,64,Cis,4,4,1,Male
923,43,Cis,2,3,1,Male
924,64,Cis,4,4,1,Female
925,69,Cis,6,4,1,Female
926,54,Cis,5,2,1,Male
927,67,Cis,6,4,1,Male
928,25,Cis,4,1,1,Male
929,70,Cis,6,4,1,Male
930,47,Cis,4,4,1,Male
931,71,Cis,6,4,2,Male
932,72,Cis,6,4,1,Male
933,48,Cis,5,4,1,Female
934,24,Cis,4,1,1,Male
935,41,Cis,5,4,1,Male
936,72,Cis,1,2,5,Male
937,60,Cis,5,3,1,Female
938,40,Cis,4,1,1,Female
939,72,Cis,6,4,1,Female
940,72,Cis,4,2,1,Female
941,31,Cis,6,4,1,Female
942,57,Cis,4,4,1,Male
943,41,Cis,4,3,1,Male
944,22,Cis,5,4,3,Male
945,27,Cis,5,4,1,Male
946,54,Cis,2,4,1,Male
947,64,Cis,2,2,1,Male
948,64,Cis,4,4,1,Female
949,58,Cis,6,4,5,Female
950,30,Cis,2,2,1,Female
951,55,Cis,6,2,2,Female
952,65,Cis,5,3,1,Female
953,72,Cis,4,3,1,Female
954,58,Cis,4,3,1,Male
955,67,Cis,6,4,1,Female
956,49,Cis,4,4,1,Male
957,61,Cis,4,4,1,Female
958,71,Cis,4,2,1,Female
959,53,Cis,4,4,1,Male
960,55,Cis,5,4,1,Male
961,72,Cis,4,4,1,Female
962,59,Cis,4,4,1,Female
963,46,Cis,5,4,1,Female
964,69,Cis,4,2,1,Male
965,72,Cis,4,3,1,Female
966,51,Cis,5,2,1,Male
967,21,Cis,4,1,1,Male
968,56,Cis,2,4,1,Male
969,60,Cis,6,2,1,Male
970,63,Cis,5,4,1,Male
971,64,Cis,2,3,2,Female
972,40,Cis,5,4,1,Female
973,48,Cis,4,4,1,Female
974,72,Cis,5,4,1,Male
975,47,Cis,4,3,1,Female
976,72,Cis,6,4,1,Male
977,34,Cis,5,3,1,Male
978,70,Cis,6,4,1,Female
979,72,Cis,5,4,1,Female
980,35,Cis,4,3,1,Male
981,21,Cis,4,4,1,Male
982,62,Cis,6,4,1,Male
983,72,Cis,5,4,1,Female
984,71,Cis,2,4,1,Male
985,56,Cis,6,2,5,Male
986,53,Cis,4,4,1,Female
987,72,Cis,2,2,1,Female
988,40,Cis,4,3,1,Female
989,68,Cis,6,3,1,Male
990,19,Cis,4,1,5,Male
991,55,Cis,4,2,3,Male
992,45,Cis,5,4,1,Female
993,72,Cis,4,1,1,Female
994,72,Cis,2,4,1,Female
995,35,Cis,6,4,1,Male
996,55,Cis,4,4,3,Male
997,58,Cis,5,4,1,Male
998,72,Cis,6,4,1,Male
999,59,Cis,4,1,1,Female
1000,69,Cis,4,3,1,Male
1001,35,Cis,5,4,1,Female
1002,27,Cis,1,1,4,Female
1003,60,Cis,6,4,1,Female
1004,72,Cis,6,2,1,Female
1005,72,Cis,4,2,2,Female
1006,38,Cis,6,4,5,Female
1007,61,Cis,6,4,1,Female
1008,46,Cis,5,4,1,Female
1009,47,Cis,5,4,1,Male
1010,29,Cis,5,3,1,Male
1011,55,Cis,6,4,1,Female
1012,29,Cis,4,4,1,Female
1013,67,Cis,6,4,1,Male
1014,39,Cis,4,4,1,Male
1015,47,Cis,2,4,1,Female
1016,72,Cis,5,3,1,Male
1017,63,Cis,4,4,1,Female
1018,50,Cis,4,4,1,Female
1019,54,Cis,5,4,1,Female
1020,54,Cis,5,3,1,Female
1021,72,Cis,4,4,4,Male
1022,34,Cis,2,4,2,Male
1023,72,Cis,4,3,1,Male
1024,72,Cis,6,4,1,Female
1025,63,Cis,6,4,1,Male
1026,65,Cis,4,3,1,Male
1027,46,Cis,4,4,1,Male
1028,64,Cis,5,4,1,Female
1029,61,Cis,2,2,4,Male
1030,29,Cis,6,4,5,Female
1031,60,Cis,5,4,1,Male
1032,45,Cis,4,4,1,Female
1033,64,Cis,4,4,1,Male
1034,52,Cis,6,4,1,Female
1035,66,Cis,1,4,1,Male
1036,22,Cis,5,3,3,Female
1037,71,Cis,5,4,1,Male
1038,72,Cis,4,2,1,Female
1039,52,Cis,4,3,1,Male
1040,67,Cis,6,4,1,Male
1041,56,Cis,4,3,1,Male
1042,50,Cis,6,4,1,Female
1043,20,Cis,4,4,1,Female
1044,58,Cis,6,4,1,Female
1045,72,Cis,3,2,1,Female
1046,72,Cis,6,3,1,Female
1047,61,Cis,3,4,1,Male
1048,62,Cis,5,4,1,Female
1049,72,Cis,6,1,1,Female
1050,68,Cis,4,4,1,Female
1051,69,Cis,2,2,1,Female
1052,42,Cis,6,2,1,Female
1053,37,Cis,4,1,1,Female
1054,36,Cis,5,4,1,Female
1055,42,Cis,5,4,5,Male
1056,58,Cis,6,4,1,Male
1057,56,Cis,5,4,1,Male
1058,60,Cis,4,4,1,Male
1059,54,Cis,2,2,4,Female
1060,47,Cis,6,4,1,Female
1061,36,Cis,5,3,1,Female
1062,40,Cis,4,4,2,Male
1063,43,Cis,4,4,1,Female
1064,68,Cis,4,2,1,Female
1065,58,Cis,1,1,2,Female
1066,66,Cis,6,4,1,Male
1067,72,Cis,5,4,1,Male
1068,72,Cis,6,4,1,Female
1069,72,Cis,5,4,1,Female
1070,72,Cis,2,3,1,Female
1071,64,Cis,6,4,4,Female
1072,40,Cis,4,2,2,Female
1073,41,Cis,3,3,3,Male
1074,48,Cis,4,3,1,Male
1075,72,Cis,3,3,1,Male
1076,72,Cis,6,4,1,Male
1077,57,Cis,4,4,1,Female
1078,72,Cis,5,4,1,Male
1079,65,Cis,4,1,1,Male
1080,67,Cis,6,4,1,Female
1081,71,Cis,5,4,1,Female
1082,26,Cis,2,2,4,Male
1083,65,Cis,6,4,1,Female
1084,72,Cis,6,4,1,Male
1085,27,Cis,6,2,1,Male
1086,69,Cis,4,4,1,Female
1087,22,Cis,5,1,1,Female
1088,36,Cis,5,4,1,Male
1089,62,Cis,6,2,1,Female
1090,38,Cis,6,4,3,Male
1091,62,Cis,6,4,1,Female
1092,53,Cis,4,4,1,Female
1093,51,Cis,5,4,1,Female
1094,56,Cis,1,4,1,Female
1095,38,Cis,5,4,1,Female
1096,64,Cis,6,3,3,Female
1097,22,Cis,5,4,1,Female
1098,63,Cis,5,4,1,Male
1099,42,Cis,6,4,1,Male
1100,52,Cis,5,1,3,Female
1101,72,Cis,5,4,1,Female
1102,72,Cis,5,4,1,Female
1103,72,Cis,6,1,1,Female
1104,53,Cis,2,2,1,Female
1105,50,Cis,6,3,2,Male
1106,72,Cis,6,4,1,Male
1107,72,Cis,6,3,1,Female
1108,72,Cis,4,2,1,Female
1109,72,Cis,6,4,1,Male
1110,61,Cis,5,4,1,Female
1111,71,Cis,4,3,1,Female
1112,55,Cis,5,2,1,Female
1113,44,Cis,4,3,2,Male
1114,24,Cis,5,1,1,Male
1115,62,Cis,5,4,1,Female
1116,69,Cis,5,3,1,Male
1117,71,Cis,4,4,1,Female
1118,52,Cis,2,3,1,Male
1119,57,Cis,5,4,2,Male
1120,71,Cis,2,4,1,Female
1121,60,Cis,6,4,1,Female
1122,23,Cis,4,2,3,Male
1123,48,Cis,4,3,1,Male
1124,66,Cis,4,3,1,Male
1125,59,Cis,4,2,1,Female
1126,70,Cis,2,4,1,Female
1127,70,Cis,4,1,1,Male
1128,72,Cis,5,4,1,Female
1129,67,Cis,5,4,1,Male
1130,71,Cis,5,4,1,Female
1131,69,Cis,5,4,1,Male
1132,72,Cis,3,3,1,Male
1133,65,Cis,3,4,1,Male
1134,52,Cis,4,4,1,Male
1135,52,Cis,4,4,1,Female
1136,67,Cis,4,1,4,Female
1137,43,Cis,6,4,5,Female
1138,58,Cis,2,1,3,Female
1139,36,Cis,6,4,1,Male
1140,52,Cis,5,4,1,Male
1141,72,Cis,4,4,1,Female
1142,55,Cis,2,1,1,Male
1143,68,Cis,4,2,1,Female
1144,46,Cis,5,4,2,Male
1145,65,Cis,6,4,1,Female
1146,42,Cis,4,4,1,Female
1147,59,Cis,5,4,1,Female
1148,47,Cis,6,4,1,Male
1149,70,Cis,4,1,4,Male
1150,65,Cis,6,4,1,Female
1151,55,Cis,4,2,1,Female
1152,72,Cis,6,4,1,Male
1153,46,Cis,4,4,1,Male
1154,66,Cis,6,4,1,Male
1155,53,Cis,4,4,1,Female
1156,35,Cis,5,2,1,Male
1157,69,Cis,6,4,1,Female
1158,59,Cis,5,4,1,Male
1159,32,Cis,3,4,1,Male
1160,43,Cis,6,4,4,Female
1161,34,Cis,4,4,1,Male
1162,32,Cis,4,2,1,Female
1163,60,Cis,4,1,1,Female
1164,66,Cis,4,3,1,Male
1165,60,Cis,5,4,1,Female
1166,72,Cis,4,2,2,Female
1167,72,Cis,2,2,1,Female
1168,72,Cis,2,3,1,Female
1169,41,Cis,6,3,4,Female
1170,70,Cis,5,4,1,Male
1171,72,Cis,3,2,4,Male
1172,71,Cis,4,4,1,Female
1173,52,Cis,5,3,1,Male
1174,35,Cis,5,1,2,Female
1175,63,Cis,4,3,1,Male
1176,41,Cis,6,4,5,Male
1177,28,Cis,5,4,1,Male
1178,59,Cis,6,3,1,Male
1179,52,Cis,4,4,2,Male
1180,59,Cis,3,1,4,Male
1181,21,Cis,4,1,1,Female
1182,72,Cis,5,3,2,Female
1183,72,Cis,4,3,1,Female
1184,41,Cis,5,4,1,Female
1185,45,Cis,4,4,1,Female
1186,71,Cis,6,4,1,Female
1187,63,Cis,5,4,1,Male
1188,63,Cis,5,4,1,Male
1189,35,Cis,5,1,4,Female
1190,38,Cis,4,2,1,Male
1191,67,Cis,4,4,1,Female
1192,27,Cis,5,4,5,Male
1193,61,Cis,4,4,1,Female
1194,55,Cis,5,3,1,Male
1195,64,Cis,2,1,1,Female
1196,65,Cis,5,4,1,Male
1197,20,Cis,4,1,3,Male
1198,66,Cis,5,4,1,Male
1199,39,Cis,6,4,1,Male
1200,72,Cis,2,4,1,Male
1201,47,Cis,5,4,3,Female
1202,46,Cis,6,4,1,Female
1203,39,Cis,6,4,4,Male
1204,61,Cis,6,4,3,Male
1205,67,Cis,6,4,1,Female
1206,33,Cis,5,4,1,Male
1207,65,Cis,4,1,1,Male
1208,48,Cis,6,4,5,Male
1209,48,Cis,6,4,1,Female
1210,25,Cis,5,3,3,Female
1211,70,Cis,5,4,1,Female
1212,72,Cis,6,4,1,Male
1213,60,Cis,5,4,1,Male
1214,40,Cis,5,4,1,Female
1215,38,Cis,6,4,4,Female
1216,37,Cis,2,1,1,Male
1217,55,Cis,5,4,1,Female
1218,64,Cis,4,4,1,Male
1219,31,Cis,5,4,1,Female
1220,49,Cis,4,4,1,Male
1221,72,Cis,5,3,1,Male
1222,72,Cis,4,4,1,Male
1223,44,Cis,4,2,1,Male
1224,61,Cis,5,4,1,Female
1225,61,Cis,4,4,1,Female
1226,72,Cis,6,4,1,Male
1227,59,Cis,6,4,1,Male
1228,30,Cis,6,4,1,Male
1229,72,Cis,5,2,1,Male
1230,59,Cis,2,4,1,Male
1231,38,Cis,4,2,1,Male
1232,49,Cis,4,2,1,Male
1233,59,Cis,5,1,1,Female
1234,72,Cis,6,4,1,Female
1235,37,Cis,6,4,1,Female
1236,71,Cis,5,3,1,Female
1237,44,Cis,5,4,2,Female
1238,41,Cis,6,4,1,Female
1239,18,Cis,1,4,1,Female
1240,50,Cis,2,4,1,Male
1241,62,Cis,6,4,1,Female
1242,70,Cis,2,2,4,Male
1243,71,Cis,4,4,1,Female
1244,67,Cis,4,3,1,Female
1245,54,Cis,5,4,1,Male
1246,72,Cis,1,2,3,Female
1247,59,Cis,6,4,2,Female
1248,42,Cis,5,4,1,Female
1249,72,Cis,6,4,1,Male
1250,72,Cis,4,3,1,Female
1251,51,Cis,5,4,1,Female
1252,57,Cis,4,4,1,Female
1253,24,Cis,6,4,1,Female
1254,45,Cis,5,4,1,Female
1255,23,Cis,4,1,1,Male
1256,70,Cis,6,4,5,Male
1257,67,Cis,4,4,1,Female
1258,72,Cis,4,3,3,Female
1259,28,Cis,6,4,1,Female
1260,53,Cis,6,4,1,Male
1261,59,Cis,6,4,1,Female
1262,52,Cis,5,4,1,Male
1263,72,Cis,4,4,2,Male
1264,72,Cis,6,4,1,Female
1265,64,Cis,5,4,4,Male
1266,72,Cis,6,4,1,Female
1267,65,Cis,1,2,1,Female
1268,72,Cis,6,4,1,Female
1269,72,Cis,4,2,1,Female
1270,72,Cis,5,4,1,Male
1271,21,Cis,4,1,1,Female
1272,56,Cis,4,4,1,Female
1273,59,Cis,4,4,1,Male
1274,44,Cis,5,4,1,Female
1275,72,Cis,2,4,1,Male
1276,72,Cis,5,4,1,Female
1277,69,Cis,4,3,1,Female
1278,71,Cis,6,4,1,Male
1279,63,Cis,2,4,1,Male
1280,38,Cis,6,3,5,Male
1281,36,Cis,4,2,1,Female
1282,57,Cis,4,4,1,Male
1283,66,Cis,5,4,1,Male
1284,23,Cis,4,3,1,Male
1285,18,Cis,2,4,5,Male
1286,72,Cis,6,4,1,Female
1287,72,Cis,4,3,1,Female
1288,23,Cis,5,1,3,Male
1289,58,Cis,5,4,3,Female
1290,70,Cis,6,4,1,Female
1291,46,Cis,4,4,1,Male
1292,66,Cis,4,4,4,Female
1293,47,Cis,6,4,1,Female
1294,72,Cis,4,2,1,Female
1295,72,Cis,4,2,3,Male
1296,72,Cis,6,4,1,Female
1297,57,Cis,4,4,1,Female
1298,35,Cis,6,4,1,Male
1299,34,Cis,4,3,1,Male
1300,43,Cis,6,4,1,Male
1301,50,Cis,5,4,1,Male
1302,69,Cis,5,4,1,Male
1303,72,Cis,6,4,1,Female
1304,72,Cis,6,4,1,Female
1305,59,Cis,5,2,5,Male
1306,49,Cis,4,4,1,Female
1307,56,Cis,5,3,1,Male
1308,62,Cis,1,1,1,Female
1309,72,Cis,2,4,1,Female
1310,32,Cis,3,3,1,Female
1311,60,Cis,5,4,1,Male
1312,26,Cis,5,4,1,Male
1313,39,Cis,5,3,1,Female
1314,43,Cis,5,4,1,Female
1315,52,Cis,3,1,1,Female
1316,52,Cis,5,4,2,Female
1317,60,Cis,3,1,2,Female
1318,49,Cis,5,4,1,Female
1319,71,Cis,6,4,1,Male
1320,63,Cis,5,4,1,Male
1321,53,Cis,5,4,1,Male
1322,72,Cis,5,3,1,Female
1323,65,Cis,6,4,1,Male
1324,72,Cis,2,2,1,Female
1325,65,Cis,5,3,1,Female
1326,72,Cis,4,3,1,Female
1327,72,Cis,2,2,1,Female
1328,42,Cis,4,2,1,Female
1329,42,Cis,6,2,1,Female
1330,54,Cis,3,1,4,Female
1331,64,Cis,6,2,1,Female
1332,45,Cis,5,3,1,Male
1333,70,Cis,4,4,1,Female
1334,66,Cis,4,4,1,Female
1335,70,Cis,6,4,1,Male
1336,57,Cis,3,4,1,Male
1337,57,Cis,5,4,1,Female
1338,72,Cis,6,4,1,Female
1339,72,Cis,6,4,1,Female
1340,34,Trans,2,2,1,Male
1341,58,Cis,2,2,1,Female
1342,53,Cis,4,3,3,Female
1343,63,Cis,5,1,1,Male
1344,38,Cis,4,4,1,Male
1345,43,Cis,4,3,2,Female
1346,61,Cis,6,4,1,Male
1347,40,Cis,5,4,1,Male
1348,64,Cis,5,4,3,Female
1349,70,Cis,4,4,1,Female
1350,59,Cis,5,4,4,Male
1351,60,Cis,1,2,1,Female
1352,52,Cis,4,1,2,Female
1353,54,Cis,6,4,1,Female
1354,45,Cis,5,4,1,Male
1355,43,Cis,5,4,1,Male
1356,27,Cis,5,3,1,Male
1357,58,Cis,5,4,1,Female
1358,72,Cis,6,4,1,Male
1359,57,Cis,2,1,1,Female
1360,27,Cis,5,4,1,Female
1361,34,Cis,6,4,2,Female
1362,72,Cis,5,2,1,Female
1363,35,Cis,6,4,5,Female
1364,50,Cis,4,4,1,Male
1365,71,Cis,6,4,1,Male
1366,27,Cis,5,3,1,Female
1367,56,Cis,2,1,2,Female
1368,71,Cis,2,4,1,Male
1369,72,Cis,6,4,1,Female
1370,37,Cis,2,1,1,Female
1371,67,Cis,4,2,1,Male
1372,72,Cis,6,4,1,Female
1373,52,Cis,2,4,1,Male
1374,43,Cis,6,4,1,Male
1375,33,Cis,4,3,1,Female
1376,69,Cis,5,4,1,Male
1377,69,Cis,4,2,1,Female
1378,59,Cis,6,4,1,Female
1379,50,Cis,6,4,1,Female
1380,72,Cis,2,3,1,Female
1381,72,Cis,2,2,1,Male
1382,72,Cis,5,4,1,Female
1383,34,Cis,4,4,1,Female
1384,72,Cis,4,2,1,Female
1385,40,Cis,6,4,1,Female
1386,26,Cis,5,3,1,Male
1387,51,Cis,6,4,1,Female
1388,72,Cis,5,4,1,Male
1389,55,Cis,5,4,3,Female
1390,36,Cis,5,3,1,Female
1391,52,Cis,4,4,1,Female
1392,47,Cis,5,3,1,Male
1393,72,Cis,5,4,5,Male
1394,72,Cis,6,4,3,Male
1395,58,Cis,2,2,1,Female
1396,31,Cis,4,4,3,Male
1397,55,Cis,5,4,1,Female
1398,55,Cis,6,3,1,Male
1399,72,Cis,4,2,1,Female
1400,72,Cis,5,4,1,Male
1401,66,Cis,2,2,1,Female
1402,24,Cis,5,4,1,Female
1403,72,Cis,6,4,1,Male
1404,71,Cis,2,2,3,Male
1405,72,Cis,6,4,1,Male
1406,69,Cis,4,4,1,Male
1407,45,Cis,5,4,1,Male
1408,55,Cis,4,3,2,Female
1409,66,Cis,4,4,1,Male
1410,53,Cis,4,3,1,Female
1411,65,Cis,6,4,1,Female
1412,52,Cis,4,2,2,Female
1413,52,Cis,2,2,1,Male
1414,18,Cis,4,4,2,Female
1415,57,Cis,4,3,1,Male
1416,48,Cis,6,4,1,Male
1417,51,Cis,6,4,5,Male
1418,35,Cis,5,4,1,Male
1419,18,Cis,4,2,4,Female
1420,60,Cis,4,3,4,Female
1421,52,Cis,6,4,5,Female
1422,47,Cis,6,4,1,Female
1423,65,Cis,4,4,1,Male
1424,50,Cis,6,4,1,Male
1425,29,Cis,5,1,1,Male
1426,62,Cis,2,1,1,Female
1427,39,Cis,6,4,1,Female
1428,49,Cis,6,4,3,Male
1429,60,Cis,2,4,1,Male
1430,72,Cis,5,4,1,Female
1431,19,Cis,4,3,3,Male
1432,70,Cis,4,4,1,Female
1433,51,Cis,2,1,1,Male
1434,53,Cis,5,4,1,Male
1435,65,Cis,4,2,2,Male
