,TRANS_CIS,SEX,GENDER_IDENTITY,SURVEYCOMPLETED,Q82,Q84
51,Trans,Male,Trans woman (MTF),1,"Yes, there are one or more places",Neutral
52,Trans,Male,Trans woman (MTF),1,"Yes, there are one or more places",Very satisfied
53,Trans,Female,Trans GNB (Gender Non-Binary),1,"Yes, there are one or more places",Mostly satisfied
56,Trans,Female,Trans man (FTM),1,"Yes, there are one or more places",Mostly satisfied
57,Trans,Female,Trans GNB (Gender Non-Binary),1,"Yes, there are one or more places",Neutral
59,Trans,Male,Trans woman (MTF),1,"Yes, there are one or more places",Very satisfied
60,Trans,Male,Trans woman (MTF),1,"Yes, there are one or more places",Very satisfied
62,Trans,Female,Trans man (FTM),1,"Yes, there are one or more places",Very satisfied
63,Trans,Male,Trans woman (MTF),1,"Yes, there are one or more places",Very satisfied
64,Trans,Female,Trans man (FTM),1,"Yes, there are one or more places",Mostly satisfied
65,Trans,Female,Trans GNB (Gender Non-Binary),1,"Yes, there are one or more places",Mostly satisfied
66,Trans,Female,Trans GNB (Gender Non-Binary),1,"Yes, there are one or more places",Mostly satisfied
67,Trans,Female,Trans man (FTM),1,"Yes, there are one or more places",Very satisfied
68,Trans,Female,Trans GNB (Gender Non-Binary),1,"Yes, there are one or more places",Mostly satisfied
70,Trans,Female,Trans GNB (Gender Non-Binary),1,"Yes, there are one or more places",Neutral
73,Trans,Male,Trans woman (MTF),1,"Yes, there are one or more places",Very satisfied
75,Trans,Male,Trans woman (MTF),1,"Yes, there are one or more places",Mostly satisfied
76,Trans,Female,Trans man (FTM),1,"Yes, there are one or more places",Neutral
77,Trans,Male,Trans woman (MTF),1,"Yes, there are one or more places",Very satisfied
78,Trans,Male,Trans woman (MTF),1,"Yes, there are one or more places",Very satisfied
80,Trans,Female,Trans man (FTM),1,"Yes, there are one or more places",Neutral
81,Trans,Female,Trans man (FTM),1,"Yes, there are one or more places",Very satisfied
82,Trans,Female,Trans man (FTM),1,"Yes, there are one or more places",Very satisfied
83,Trans,Female,Trans man (FTM),1,"Yes, there are one or more places",Neutral
85,Trans,Male,Trans woman (MTF),1,"Yes, there are one or more places",Neutral
86,Trans,Male,Trans woman (MTF),1,"Yes, there are one or more places",Very satisfied
88,Trans,Female,Trans GNB (Gender Non-Binary),1,"Yes, there are one or more places",Mostly satisfied
90,Trans,Male,Trans woman (MTF),1,"Yes, there are one or more places",Very satisfied
91,Trans,Female,Trans man (FTM),1,"Yes, there are one or more places",Neutral
94,Trans,Female,Trans man (FTM),1,"Yes, there are one or more places",Mostly satisfied
96,Trans,Female,Trans GNB (Gender Non-Binary),1,"Yes, there are one or more places",Neutral
98,Trans,Male,Trans woman (MTF),1,"Yes, there are one or more places",Mostly satisfied
99,Trans,Male,Trans GNB (Gender Non-Binary),1,"Yes, there are one or more places",Very satisfied
100,Trans,Female,Trans man (FTM),1,"Yes, there are one or more places",Mostly satisfied
101,Trans,Female,Trans GNB (Gender Non-Binary),1,"Yes, there are one or more places",Mostly satisfied
103,Trans,Male,Trans woman (MTF),1,"Yes, there are one or more places",Very satisfied
104,Trans,Male,Trans woman (MTF),1,"Yes, there are one or more places",Mostly satisfied
105,Trans,Female,Trans man (FTM),1,"Yes, there are one or more places",Neutral
106,Trans,Male,Trans woman (MTF),1,"Yes, there are one or more places",Mostly satisfied
107,Trans,Male,Trans woman (MTF),1,"Yes, there are one or more places",Very satisfied
108,Trans,Female,Trans GNB (Gender Non-Binary),1,"Yes, there are one or more places",Mostly satisfied
109,Trans,Male,Trans woman (MTF),1,"Yes, there are one or more places",Mostly satisfied
110,Trans,Male,Trans GNB (Gender Non-Binary),1,"Yes, there are one or more places",Neutral
111,Trans,Female,Trans GNB (Gender Non-Binary),1,"Yes, there are one or more places",Mostly satisfied
112,Trans,Male,Trans woman (MTF),1,"Yes, there are one or more places",Mostly satisfied
113,Trans,Male,Trans woman (MTF),1,"Yes, there are one or more places",Neutral
114,Trans,Female,Trans GNB (Gender Non-Binary),1,"Yes, there are one or more places",Mostly satisfied
115,Trans,Male,Trans woman (MTF),1,"Yes, there are one or more places",Mostly satisfied
116,Trans,Female,Trans man (FTM),1,"Yes, there are one or more places",Mostly satisfied
117,Trans,Female,Trans GNB (Gender Non-Binary),1,"Yes, there are one or more places",Mostly satisfied
118,Trans,Male,Trans woman (MTF),1,"Yes, there are one or more places",Very satisfied
119,Trans,Male,Trans woman (MTF),1,"Yes, there are one or more places",Mostly satisfied
120,Trans,Female,Trans man (FTM),1,"Yes, there are one or more places",Mostly satisfied
121,Trans,Female,Trans GNB (Gender Non-Binary),1,"Yes, there are one or more places",Very satisfied
122,Trans,Female,Trans man (FTM),1,"Yes, there are one or more places",Mostly satisfied
123,Trans,Female,Trans GNB (Gender Non-Binary),1,"Yes, there are one or more places",Neutral
124,Trans,Female,Trans man (FTM),1,"Yes, there are one or more places",Very satisfied
126,Trans,Female,Trans GNB (Gender Non-Binary),1,"Yes, there are one or more places",Mostly satisfied
127,Trans,Female,Trans man (FTM),1,"Yes, there are one or more places",Mostly satisfied
128,Trans,Male,Trans woman (MTF),1,"Yes, there are one or more places",Very satisfied
129,Trans,Male,Trans GNB (Gender Non-Binary),1,"Yes, there are one or more places",Mostly satisfied
130,Trans,Male,Trans woman (MTF),1,"Yes, there are one or more places",Neutral
131,Trans,Female,Trans man (FTM),1,"Yes, there are one or more places",Neutral
132,Trans,Male,Trans woman (MTF),1,"Yes, there are one or more places",Mostly satisfied
133,Trans,Male,Trans woman (MTF),1,"Yes, there are one or more places",Very satisfied
134,Trans,Female,Trans man (FTM),1,"Yes, there are one or more places",Very satisfied
135,Trans,Male,Trans GNB (Gender Non-Binary),1,"Yes, there are one or more places",Mostly satisfied
136,Trans,Female,Trans man (FTM),1,"Yes, there are one or more places",Very satisfied
137,Trans,Female,Trans man (FTM),1,"Yes, there are one or more places",Mostly satisfied
138,Trans,Female,Trans man (FTM),1,"Yes, there are one or more places",Neutral
139,Trans,Male,Trans woman (MTF),1,"Yes, there are one or more places",Mostly satisfied
140,Trans,Male,Trans woman (MTF),1,"Yes, there are one or more places",Mostly satisfied
141,Trans,Female,Trans man (FTM),1,"Yes, there are one or more places",Very satisfied
142,Trans,Female,Trans man (FTM),1,"Yes, there are one or more places",Very satisfied
143,Trans,Female,Trans GNB (Gender Non-Binary),1,"Yes, there are one or more places",Mostly satisfied
144,Trans,Female,Trans man (FTM),1,"Yes, there are one or more places",Mostly satisfied
145,Trans,Female,Trans man (FTM),1,"Yes, there are one or more places",Mostly satisfied
146,Trans,Female,Trans man (FTM),1,"Yes, there are one or more places",Mostly satisfied
147,Trans,Male,Trans woman (MTF),1,"Yes, there are one or more places",Very satisfied
149,Trans,Male,Trans woman (MTF),1,"Yes, there are one or more places",Very satisfied
151,Trans,Female,Trans man (FTM),1,"Yes, there are one or more places",Mostly satisfied
152,Trans,Male,Trans woman (MTF),1,"Yes, there are one or more places",Mostly dissatisfied
153,Trans,Female,Trans GNB (Gender Non-Binary),1,"Yes, there are one or more places",Mostly satisfied
154,Trans,Female,Trans man (FTM),1,"Yes, there are one or more places",Mostly satisfied
155,Trans,Female,Trans GNB (Gender Non-Binary),1,"Yes, there are one or more places",Mostly satisfied
156,Trans,Male,Trans woman (MTF),1,"Yes, there are one or more places",Mostly satisfied
158,Trans,Female,Trans man (FTM),1,"Yes, there are one or more places",Mostly satisfied
160,Trans,Male,Trans woman (MTF),1,"Yes, there are one or more places",Mostly satisfied
161,Trans,Female,Trans man (FTM),1,"Yes, there are one or more places",Very satisfied
162,Trans,Male,Trans GNB (Gender Non-Binary),1,"Yes, there are one or more places",Mostly satisfied
163,Trans,Male,Trans woman (MTF),1,"Yes, there are one or more places",Mostly dissatisfied
164,Trans,Female,Trans GNB (Gender Non-Binary),1,"Yes, there are one or more places",Mostly satisfied
165,Trans,Male,Trans woman (MTF),1,"Yes, there are one or more places",Very satisfied
166,Trans,Male,Trans woman (MTF),1,"Yes, there are one or more places",Mostly satisfied
167,Trans,Female,Trans man (FTM),1,"Yes, there are one or more places",Very satisfied
168,Trans,Male,Trans GNB (Gender Non-Binary),1,"Yes, there are one or more places",Very satisfied
169,Trans,Female,Trans man (FTM),1,"Yes, there are one or more places",Mostly satisfied
170,Trans,Male,Trans GNB (Gender Non-Binary),1,"Yes, there are one or more places",Very satisfied
172,Trans,Female,Trans man (FTM),1,"Yes, there are one or more places",Mostly dissatisfied
173,Trans,Male,Trans GNB (Gender Non-Binary),1,"Yes, there are one or more places",Mostly satisfied
174,Cis,Male,Cis man,2,"Yes, there are one or more places",Mostly satisfied
175,Cis,Female,Cis woman,2,"Yes, there are one or more places",Very satisfied
176,Cis,Male,Cis man,2,"Yes, there are one or more places",Very satisfied
177,Cis,Female,Cis woman,2,"Yes, there are one or more places",Mostly satisfied
178,Cis,Female,Cis woman,2,"Yes, there are one or more places",Very satisfied
179,Cis,Male,Cis man,2,"Yes, there are one or more places",Mostly satisfied
180,Cis,Female,Cis woman,2,"Yes, there are one or more places",Mostly satisfied
181,Cis,Female,Cis woman,2,"Yes, there are one or more places",Mostly dissatisfied
182,Cis,Female,Cis woman,2,"Yes, there are one or more places",Mostly satisfied
183,Cis,Male,Cis man,2,"Yes, there are one or more places",Very satisfied
184,Cis,Female,Cis woman,2,"Yes, there are one or more places",Mostly satisfied
185,Cis,Male,Cis man,2,"Yes, there are one or more places",Mostly satisfied
186,Cis,Female,Cis woman,2,"Yes, there are one or more places",Mostly satisfied
187,Cis,Female,Cis woman,2,"Yes, there are one or more places",Very satisfied
188,Cis,Male,Cis man,2,"Yes, there are one or more places",Very satisfied
189,Cis,Female,Cis woman,2,"Yes, there are one or more places",Very satisfied
190,Cis,Male,Cis man,2,"Yes, there are one or more places",Very satisfied
191,Cis,Male,Cis man,2,"Yes, there are one or more places",Mostly satisfied
192,Cis,Female,Cis woman,2,"Yes, there are one or more places",Mostly satisfied
193,Cis,Male,Cis man,2,"Yes, there are one or more places",Mostly satisfied
194,Cis,Female,Cis woman,2,"Yes, there are one or more places",Mostly satisfied
195,Cis,Female,Cis woman,2,"Yes, there are one or more places",Mostly satisfied
196,Cis,Female,Cis woman,2,"Yes, there are one or more places",Very satisfied
197,Cis,Female,Cis woman,2,"Yes, there are one or more places",Very satisfied
198,Cis,Female,Cis woman,2,"Yes, there are one or more places",Mostly satisfied
199,Cis,Male,Cis man,2,"Yes, there are one or more places",Very satisfied
200,Cis,Male,Cis man,2,"Yes, there are one or more places",Mostly satisfied
201,Cis,Female,Cis woman,2,"Yes, there are one or more places",Mostly satisfied
202,Cis,Female,Cis woman,2,"Yes, there are one or more places",Very satisfied
203,Cis,Male,Cis man,2,"Yes, there are one or more places",Very satisfied
204,Cis,Female,Cis woman,2,"Yes, there are one or more places",Mostly satisfied
205,Cis,Male,Cis man,2,"Yes, there are one or more places",Mostly satisfied
206,Cis,Male,Cis man,2,"Yes, there are one or more places",Mostly satisfied
207,Cis,Male,Cis man,2,"Yes, there are one or more places",Very satisfied
208,Cis,Male,Cis man,2,"Yes, there are one or more places",Very satisfied
209,Cis,Female,Cis woman,2,"Yes, there are one or more places",Mostly satisfied
210,Cis,Male,Cis man,2,"Yes, there are one or more places",Very satisfied
211,Cis,Female,Cis woman,2,"Yes, there are one or more places",Very satisfied
212,Cis,Male,Cis man,2,"Yes, there are one or more places",Mostly satisfied
214,Cis,Female,Cis woman,2,"Yes, there are one or more places",Very satisfied
215,Cis,Male,Cis man,2,"Yes, there are one or more places",Mostly satisfied
216,Cis,Male,Cis man,2,"Yes, there are one or more places",Very satisfied
217,Cis,Female,Cis woman,2,"Yes, there are one or more places",Mostly satisfied
218,Cis,Male,Cis man,2,"Yes, there are one or more places",Mostly satisfied
219,Cis,Female,Cis woman,2,"Yes, there are one or more places",Very satisfied
220,Cis,Male,Cis man,2,"Yes, there are one or more places",Mostly satisfied
221,Cis,Male,Cis man,2,"Yes, there are one or more places",Very satisfied
222,Cis,Female,Cis woman,2,"Yes, there are one or more places",Very satisfied
223,Cis,Female,Cis woman,2,"Yes, there are one or more places",Very satisfied
225,Cis,Female,Cis woman,2,"Yes, there are one or more places",Very satisfied
227,Cis,Female,Cis woman,2,"Yes, there are one or more places",Neutral
228,Cis,Female,Cis woman,2,"Yes, there are one or more places",Neutral
229,Cis,Female,Cis woman,2,"Yes, there are one or more places",Very satisfied
230,Cis,Male,Cis man,2,"Yes, there are one or more places",Mostly satisfied
231,Cis,Female,Cis woman,2,"Yes, there are one or more places",Very satisfied
233,Cis,Female,Cis woman,2,"Yes, there are one or more places",Mostly satisfied
234,Cis,Female,Cis woman,2,"Yes, there are one or more places",Very satisfied
235,Cis,Female,Cis woman,2,"Yes, there are one or more places",Very satisfied
236,Cis,Male,Cis man,2,"Yes, there are one or more places",Very satisfied
237,Cis,Male,Cis man,2,"Yes, there are one or more places",Very satisfied
238,Cis,Male,Cis man,2,"Yes, there are one or more places",Very satisfied
241,Cis,Female,Cis woman,2,"Yes, there are one or more places",Neutral
242,Cis,Female,Cis woman,2,"Yes, there are one or more places",Very satisfied
243,Cis,Female,Cis woman,2,"Yes, there are one or more places",Very satisfied
245,Cis,Female,Cis woman,2,"Yes, there are one or more places",Very satisfied
246,Cis,Male,Cis man,2,"Yes, there are one or more places",Mostly satisfied
247,Cis,Male,Cis man,2,"Yes, there are one or more places",Mostly satisfied
248,Cis,Male,Cis man,2,"Yes, there are one or more places",Very satisfied
249,Cis,Female,Cis woman,2,"Yes, there are one or more places",Mostly satisfied
250,Cis,Female,Cis woman,2,"Yes, there are one or more places",Very satisfied
251,Cis,Female,Cis woman,2,"Yes, there are one or more places",Very satisfied
252,Cis,Male,Cis man,2,"Yes, there are one or more places",Neutral
254,Cis,Male,Cis man,2,"Yes, there are one or more places",Very satisfied
255,Cis,Female,Cis woman,2,"Yes, there are one or more places",Mostly satisfied
256,Cis,Female,Cis woman,2,"Yes, there are one or more places",Very satisfied
257,Cis,Male,Cis man,2,"Yes, there are one or more places",Very satisfied
259,Cis,Male,Cis man,2,"Yes, there are one or more places",Very satisfied
260,Cis,Female,Cis woman,2,"Yes, there are one or more places",Mostly satisfied
261,Cis,Male,Cis man,2,"Yes, there are one or more places",Very satisfied
262,Cis,Male,Cis man,2,"Yes, there are one or more places",Mostly satisfied
263,Cis,Female,Cis woman,2,"Yes, there are one or more places",Very satisfied
265,Cis,Male,Cis man,2,"Yes, there are one or more places",Mostly satisfied
267,Cis,Female,Cis woman,2,"Yes, there are one or more places",Mostly satisfied
268,Cis,Female,Cis woman,2,"Yes, there are one or more places",Very satisfied
269,Cis,Female,Cis woman,2,"Yes, there are one or more places",Very satisfied
270,Cis,Female,Cis woman,2,"Yes, there are one or more places",Mostly satisfied
271,Cis,Male,Cis man,2,"Yes, there are one or more places",Mostly satisfied
272,Cis,Male,Cis man,2,"Yes, there are one or more places",Very satisfied
273,Cis,Male,Cis man,2,"Yes, there are one or more places",Mostly satisfied
274,Cis,Male,Cis man,2,"Yes, there are one or more places",Very satisfied
275,Cis,Male,Cis man,2,"Yes, there are one or more places",Very satisfied
277,Cis,Female,Cis woman,2,"Yes, there are one or more places",Neutral
278,Cis,Male,Cis man,2,"Yes, there are one or more places",Very satisfied
280,Cis,Male,Cis man,2,"Yes, there are one or more places",Very satisfied
281,Cis,Female,Cis woman,2,"Yes, there are one or more places",Mostly satisfied
282,Cis,Male,Cis man,2,"Yes, there are one or more places",Mostly satisfied
283,Cis,Male,Cis man,2,"Yes, there are one or more places",Very satisfied
284,Cis,Female,Cis woman,2,"Yes, there are one or more places",Mostly satisfied
285,Cis,Male,Cis man,2,"Yes, there are one or more places",Mostly satisfied
286,Cis,Male,Cis man,2,"Yes, there are one or more places",Mostly satisfied
287,Cis,Female,Cis woman,2,"Yes, there are one or more places",Mostly satisfied
288,Cis,Male,Cis man,2,"Yes, there are one or more places",Very satisfied
290,Cis,Male,Cis man,2,"Yes, there are one or more places",Mostly satisfied
292,Cis,Female,Cis woman,2,"Yes, there are one or more places",Very satisfied
294,Cis,Male,Cis man,2,"Yes, there are one or more places",Mostly satisfied
295,Cis,Female,Cis woman,2,"Yes, there are one or more places",Mostly satisfied
296,Cis,Male,Cis man,2,"Yes, there are one or more places",Very satisfied
298,Cis,Female,Cis woman,2,"Yes, there are one or more places",Very satisfied
299,Cis,Male,Cis man,2,"Yes, there are one or more places",Mostly satisfied
301,Cis,Male,Cis man,2,"Yes, there are one or more places",Very satisfied
302,Cis,Male,Cis man,2,"Yes, there are one or more places",Mostly satisfied
303,Cis,Male,Cis man,2,"Yes, there are one or more places",Mostly satisfied
305,Cis,Female,Cis woman,2,"Yes, there are one or more places",Neutral
306,Cis,Male,Cis man,2,"Yes, there are one or more places",Very satisfied
307,Cis,Female,Cis woman,2,"Yes, there are one or more places",Very satisfied
308,Cis,Male,Cis man,2,"Yes, there are one or more places",Mostly satisfied
309,Cis,Female,Cis woman,2,"Yes, there are one or more places",Mostly satisfied
310,Cis,Male,Cis man,2,"Yes, there are one or more places",Very satisfied
311,Cis,Female,Cis woman,2,"Yes, there are one or more places",Mostly satisfied
312,Cis,Male,Cis man,2,"Yes, there are one or more places",Very satisfied
314,Cis,Male,Cis man,2,"Yes, there are one or more places",Mostly satisfied
315,Cis,Female,Cis woman,2,"Yes, there are one or more places",Very satisfied
316,Cis,Male,Cis man,2,"Yes, there are one or more places",Mostly satisfied
317,Cis,Female,Cis woman,2,"Yes, there are one or more places",Very satisfied
318,Cis,Male,Cis man,2,"Yes, there are one or more places",Mostly satisfied
319,Cis,Female,Cis woman,2,"Yes, there are one or more places",Very satisfied
320,Cis,Male,Cis man,2,"Yes, there are one or more places",Mostly satisfied
321,Cis,Female,Cis woman,2,"Yes, there are one or more places",Very satisfied
323,Cis,Female,Cis woman,2,"Yes, there are one or more places",Very satisfied
324,Cis,Male,Cis man,2,"Yes, there are one or more places",Mostly satisfied
325,Cis,Female,Cis woman,2,"Yes, there are one or more places",Very satisfied
326,Cis,Male,Cis man,2,"Yes, there are one or more places",Very satisfied
327,Cis,Male,Cis man,2,"Yes, there are one or more places",Mostly satisfied
328,Cis,Female,Cis woman,2,"Yes, there are one or more places",Very satisfied
329,Cis,Male,Cis man,2,"Yes, there are one or more places",Mostly satisfied
330,Cis,Male,Cis man,2,"Yes, there are one or more places",Mostly satisfied
331,Cis,Male,Cis man,2,"Yes, there are one or more places",Very satisfied
333,Cis,Male,Cis man,2,"Yes, there are one or more places",Mostly satisfied
334,Cis,Female,Cis woman,2,"Yes, there are one or more places",Very satisfied
335,Cis,Male,Cis man,2,"Yes, there are one or more places",Very satisfied
336,Cis,Male,Cis man,2,"Yes, there are one or more places",Very satisfied
338,Cis,Female,Cis woman,2,"Yes, there are one or more places",Mostly satisfied
339,Cis,Female,Cis woman,2,"Yes, there are one or more places",Mostly satisfied
340,Cis,Male,Cis man,2,"Yes, there are one or more places",Mostly satisfied
341,Cis,Female,Cis woman,2,"Yes, there are one or more places",Very satisfied
342,Cis,Male,Cis man,2,"Yes, there are one or more places",Very satisfied
343,Cis,Female,Cis woman,2,"Yes, there are one or more places",Mostly satisfied
344,Cis,Female,Cis woman,2,"Yes, there are one or more places",Very satisfied
345,Cis,Male,Cis man,2,"Yes, there are one or more places",Very satisfied
346,Cis,Male,Cis man,2,"Yes, there are one or more places",Mostly satisfied
347,Cis,Male,Cis man,2,"Yes, there are one or more places",Very satisfied
348,Cis,Female,Cis woman,2,"Yes, there are one or more places",Very satisfied
349,Cis,Male,Cis man,2,"Yes, there are one or more places",Neutral
350,Cis,Female,Cis woman,2,"Yes, there are one or more places",Mostly satisfied
351,Cis,Male,Cis man,2,"Yes, there are one or more places",Very satisfied
352,Cis,Male,Cis man,2,"Yes, there are one or more places",Very satisfied
353,Cis,Female,Cis woman,2,"Yes, there are one or more places",Very satisfied
354,Cis,Female,Cis woman,2,"Yes, there are one or more places",Very satisfied
355,Cis,Female,Cis woman,2,"Yes, there are one or more places",Mostly satisfied
356,Cis,Female,Cis woman,2,"Yes, there are one or more places",Mostly satisfied
358,Cis,Male,Cis man,2,"Yes, there are one or more places",Very satisfied
360,Cis,Female,Cis woman,2,"Yes, there are one or more places",Very satisfied
361,Cis,Male,Cis man,2,"Yes, there are one or more places",Mostly satisfied
362,Cis,Female,Cis woman,2,"Yes, there are one or more places",Very satisfied
363,Cis,Male,Cis man,2,"Yes, there are one or more places",Very satisfied
364,Cis,Male,Cis man,2,"Yes, there are one or more places",Very satisfied
365,Cis,Female,Cis woman,2,"Yes, there are one or more places",Mostly satisfied
366,Cis,Male,Cis man,2,"Yes, there are one or more places",Mostly satisfied
367,Cis,Female,Cis woman,2,"Yes, there are one or more places",Very satisfied
369,Cis,Female,Cis woman,2,"Yes, there are one or more places",Neutral
371,Cis,Male,Cis man,2,"Yes, there are one or more places",Very satisfied
372,Cis,Female,Cis woman,2,"Yes, there are one or more places",Very satisfied
373,Cis,Female,Cis woman,2,"Yes, there are one or more places",Neutral
374,Cis,Male,Cis man,2,"Yes, there are one or more places",Very satisfied
375,Cis,Male,Cis man,2,"Yes, there are one or more places",Very dissatisfied
376,Cis,Female,Cis woman,2,"Yes, there are one or more places",Very satisfied
377,Cis,Female,Cis woman,2,"Yes, there are one or more places",Very satisfied
378,Cis,Female,Cis woman,2,"Yes, there are one or more places",Mostly dissatisfied
379,Cis,Female,Cis woman,2,"Yes, there are one or more places",Mostly satisfied
380,Cis,Female,Cis woman,2,"Yes, there are one or more places",Mostly satisfied
383,Cis,Female,Cis woman,2,"Yes, there are one or more places",Neutral
384,Cis,Female,Cis woman,2,"Yes, there are one or more places",Neutral
385,Cis,Male,Cis man,2,"Yes, there are one or more places",Very satisfied
386,Cis,Male,Cis man,2,"Yes, there are one or more places",Neutral
387,Cis,Male,Cis man,2,"Yes, there are one or more places",Very satisfied
388,Cis,Male,Cis man,2,"Yes, there are one or more places",Very satisfied
389,Cis,Female,Cis woman,2,"Yes, there are one or more places",Mostly satisfied
390,Cis,Male,Cis man,2,"Yes, there are one or more places",Mostly satisfied
391,Cis,Male,Cis man,2,"Yes, there are one or more places",Very satisfied
392,Cis,Female,Cis woman,2,"Yes, there are one or more places",Mostly satisfied
393,Cis,Male,Cis man,2,"Yes, there are one or more places",Very satisfied
394,Cis,Female,Cis woman,2,"Yes, there are one or more places",Mostly dissatisfied
395,Cis,Female,Cis woman,2,"Yes, there are one or more places",Mostly satisfied
396,Cis,Male,Cis man,2,"Yes, there are one or more places",Very satisfied
397,Cis,Female,Cis woman,2,"Yes, there are one or more places",Neutral
398,Cis,Female,Cis woman,2,"Yes, there are one or more places",Very satisfied
399,Cis,Female,Cis woman,2,"Yes, there are one or more places",Very satisfied
400,Cis,Male,Cis man,2,"Yes, there are one or more places",Mostly satisfied
401,Cis,Female,Cis woman,2,"Yes, there are one or more places",Very satisfied
402,Cis,Male,Cis man,2,"Yes, there are one or more places",Very satisfied
403,Cis,Male,Cis man,2,"Yes, there are one or more places",Very satisfied
404,Cis,Male,Cis man,2,"Yes, there are one or more places",Mostly satisfied
405,Cis,Female,Cis woman,2,"Yes, there are one or more places",Mostly satisfied
407,Cis,Male,Cis man,2,"Yes, there are one or more places",Very satisfied
408,Cis,Female,Cis woman,2,"Yes, there are one or more places",Very satisfied
409,Cis,Male,Cis man,2,"Yes, there are one or more places",Very satisfied
411,Cis,Female,Cis woman,2,"Yes, there are one or more places",Very satisfied
412,Cis,Female,Cis woman,2,"Yes, there are one or more places",Mostly satisfied
413,Cis,Female,Cis woman,2,"Yes, there are one or more places",Very satisfied
414,Cis,Male,Cis man,2,"Yes, there are one or more places",Mostly satisfied
415,Cis,Male,Cis man,2,"Yes, there are one or more places",Very satisfied
416,Cis,Male,Cis man,2,"Yes, there are one or more places",Very satisfied
417,Cis,Female,Cis woman,2,"Yes, there are one or more places",Mostly satisfied
418,Cis,Male,Cis man,2,"Yes, there are one or more places",Mostly satisfied
420,Cis,Female,Cis woman,2,"Yes, there are one or more places",Very satisfied
421,Cis,Female,Cis woman,2,"Yes, there are one or more places",Very satisfied
422,Cis,Female,Cis woman,2,"Yes, there are one or more places",Mostly satisfied
423,Cis,Female,Cis woman,2,"Yes, there are one or more places",Very satisfied
424,Cis,Male,Cis man,2,"Yes, there are one or more places",Very satisfied
425,Cis,Female,Cis woman,2,"Yes, there are one or more places",Mostly satisfied
427,Cis,Male,Cis man,2,"Yes, there are one or more places",Very satisfied
429,Cis,Female,Cis woman,2,"Yes, there are one or more places",Mostly satisfied
430,Cis,Female,Cis woman,2,"Yes, there are one or more places",Very satisfied
431,Cis,Female,Cis woman,2,"Yes, there are one or more places",Mostly satisfied
432,Cis,Male,Cis man,2,"Yes, there are one or more places",Mostly satisfied
433,Cis,Male,Cis man,2,"Yes, there are one or more places",Mostly satisfied
434,Cis,Female,Cis woman,2,"Yes, there are one or more places",Very satisfied
435,Cis,Female,Cis woman,2,"Yes, there are one or more places",Mostly satisfied
437,Cis,Female,Cis woman,2,"Yes, there are one or more places",Very satisfied
438,Cis,Female,Cis woman,2,"Yes, there are one or more places",Very satisfied
439,Cis,Male,Cis man,2,"Yes, there are one or more places",Very satisfied
440,Cis,Male,Cis man,2,"Yes, there are one or more places",Neutral
441,Cis,Female,Cis woman,2,"Yes, there are one or more places",Neutral
442,Cis,Male,Cis man,2,"Yes, there are one or more places",Very satisfied
443,Cis,Male,Cis man,2,"Yes, there are one or more places",Mostly satisfied
444,Cis,Female,Cis woman,2,"Yes, there are one or more places",Mostly satisfied
445,Cis,Female,Cis woman,2,"Yes, there are one or more places",Neutral
448,Cis,Female,Cis woman,2,"Yes, there are one or more places",Mostly satisfied
449,Cis,Female,Cis woman,2,"Yes, there are one or more places",Very satisfied
450,Cis,Male,Cis man,2,"Yes, there are one or more places",Very satisfied
451,Cis,Male,Cis man,2,"Yes, there are one or more places",Very satisfied
452,Cis,Male,Cis man,2,"Yes, there are one or more places",Very satisfied
453,Cis,Female,Cis woman,2,"Yes, there are one or more places",Very satisfied
454,Cis,Male,Cis man,2,"Yes, there are one or more places",Mostly satisfied
457,Cis,Female,Cis woman,2,"Yes, there are one or more places",Very satisfied
458,Cis,Female,Cis woman,2,"Yes, there are one or more places",Mostly satisfied
459,Cis,Male,Cis man,2,"Yes, there are one or more places",Mostly satisfied
461,Cis,Male,Cis man,2,"Yes, there are one or more places",Very satisfied
462,Cis,Male,Cis man,2,"Yes, there are one or more places",Very satisfied
463,Cis,Female,Cis woman,2,"Yes, there are one or more places",Mostly satisfied
464,Cis,Male,Cis man,2,"Yes, there are one or more places",Very satisfied
465,Cis,Female,Cis woman,2,"Yes, there are one or more places",Mostly satisfied
466,Cis,Female,Cis woman,2,"Yes, there are one or more places",Neutral
468,Cis,Male,Cis man,2,"Yes, there are one or more places",Neutral
469,Cis,Female,Cis woman,2,"Yes, there are one or more places",Neutral
470,Cis,Female,Cis woman,2,"Yes, there are one or more places",Mostly dissatisfied
472,Cis,Male,Cis man,2,"Yes, there are one or more places",Mostly satisfied
473,Cis,Female,Cis woman,2,"Yes, there are one or more places",Very satisfied
474,Cis,Male,Cis man,2,"Yes, there are one or more places",Mostly satisfied
476,Cis,Female,Cis woman,2,"Yes, there are one or more places",Very satisfied
477,Cis,Male,Cis man,2,"Yes, there are one or more places",Neutral
478,Cis,Female,Cis woman,2,"Yes, there are one or more places",Very satisfied
480,Cis,Female,Cis woman,2,"Yes, there are one or more places",Mostly satisfied
481,Cis,Female,Cis woman,2,"Yes, there are one or more places",Very satisfied
482,Cis,Female,Cis woman,2,"Yes, there are one or more places",Mostly satisfied
483,Cis,Male,Cis man,2,"Yes, there are one or more places",Very satisfied
484,Cis,Female,Cis woman,2,"Yes, there are one or more places",Mostly satisfied
485,Cis,Male,Cis man,2,"Yes, there are one or more places",Mostly satisfied
486,Cis,Female,Cis woman,2,"Yes, there are one or more places",Very satisfied
487,Cis,Male,Cis man,2,"Yes, there are one or more places",Very satisfied
488,Cis,Male,Cis man,2,"Yes, there are one or more places",Very satisfied
489,Cis,Female,Cis woman,2,"Yes, there are one or more places",Neutral
490,Cis,Male,Cis man,2,"Yes, there are one or more places",Very satisfied
491,Cis,Female,Cis woman,2,"Yes, there are one or more places",Mostly satisfied
492,Cis,Male,Cis man,2,"Yes, there are one or more places",Very satisfied
493,Cis,Female,Cis woman,2,"Yes, there are one or more places",Mostly satisfied
494,Cis,Male,Cis man,2,"Yes, there are one or more places",Mostly satisfied
495,Cis,Male,Cis man,2,"Yes, there are one or more places",Mostly satisfied
497,Cis,Female,Cis woman,2,"Yes, there are one or more places",Very satisfied
498,Cis,Female,Cis woman,2,"Yes, there are one or more places",Mostly satisfied
499,Cis,Male,Cis man,2,"Yes, there are one or more places",Mostly satisfied
500,Cis,Female,Cis woman,2,"Yes, there are one or more places",Mostly satisfied
502,Cis,Female,Cis woman,2,"Yes, there are one or more places",Very satisfied
503,Cis,Female,Cis woman,2,"Yes, there are one or more places",Very satisfied
504,Cis,Female,Cis woman,2,"Yes, there are one or more places",Mostly satisfied
505,Cis,Male,Cis man,2,"Yes, there are one or more places",Very dissatisfied
507,Cis,Female,Cis woman,2,"Yes, there are one or more places",Very satisfied
508,Cis,Female,Cis woman,2,"Yes, there are one or more places",Very satisfied
509,Cis,Male,Cis man,2,"Yes, there are one or more places",Mostly satisfied
510,Cis,Female,Cis woman,2,"Yes, there are one or more places",Very satisfied
511,Cis,Male,Cis man,2,"Yes, there are one or more places",Very satisfied
512,Cis,Female,Cis woman,2,"Yes, there are one or more places",Very satisfied
513,Cis,Female,Cis woman,2,"Yes, there are one or more places",Mostly satisfied
514,Cis,Male,Cis man,2,"Yes, there are one or more places",Very satisfied
515,Cis,Female,Cis woman,2,"Yes, there are one or more places",Very satisfied
516,Cis,Male,Cis man,2,"Yes, there are one or more places",Very satisfied
517,Cis,Male,Cis man,2,"Yes, there are one or more places",Very satisfied
518,Cis,Male,Cis man,2,"Yes, there are one or more places",Very satisfied
519,Cis,Female,Cis woman,2,"Yes, there are one or more places",Mostly satisfied
520,Cis,Female,Cis woman,2,"Yes, there are one or more places",Mostly satisfied
521,Trans,Female,Trans GNB (Gender Non-Binary),1,"Yes, there are one or more places",Mostly satisfied
522,Cis,Female,Cis woman,2,"Yes, there are one or more places",Very satisfied
523,Cis,Female,Cis woman,2,"Yes, there are one or more places",Very satisfied
524,Cis,Female,Cis woman,2,"Yes, there are one or more places",Very satisfied
526,Cis,Female,Cis woman,2,"Yes, there are one or more places",Very satisfied
527,Cis,Male,Cis man,2,"Yes, there are one or more places",Mostly satisfied
528,Trans,Female,Trans man (FTM),1,"Yes, there are one or more places",Mostly satisfied
529,Trans,Male,Trans woman (MTF),1,"Yes, there are one or more places",Very satisfied
530,Trans,Male,Trans GNB (Gender Non-Binary),1,"Yes, there are one or more places",Mostly satisfied
531,Trans,Male,Trans woman (MTF),1,"Yes, there are one or more places",Very satisfied
533,Trans,Female,Trans man (FTM),1,"Yes, there are one or more places",Mostly satisfied
535,Trans,Male,Trans woman (MTF),1,"Yes, there are one or more places",Very satisfied
537,Trans,Male,Trans woman (MTF),1,"Yes, there are one or more places",Mostly satisfied
539,Trans,Male,Trans woman (MTF),1,"Yes, there are one or more places",Mostly satisfied
540,Trans,Male,Trans woman (MTF),1,"Yes, there are one or more places",Mostly satisfied
543,Trans,Male,Trans GNB (Gender Non-Binary),1,"Yes, there are one or more places",Mostly dissatisfied
544,Trans,Female,Trans GNB (Gender Non-Binary),1,"Yes, there are one or more places",Mostly satisfied
546,Trans,Female,Trans man (FTM),1,"Yes, there are one or more places",Mostly satisfied
548,Trans,Male,Trans woman (MTF),1,"Yes, there are one or more places",Very satisfied
549,Trans,Female,Trans man (FTM),1,"Yes, there are one or more places",Very satisfied
550,Trans,Male,Trans woman (MTF),1,"Yes, there are one or more places",Mostly satisfied
552,Trans,Female,Trans man (FTM),1,"Yes, there are one or more places",Very satisfied
553,Trans,Male,Trans woman (MTF),1,"Yes, there are one or more places",Very satisfied
554,Trans,Female,Trans GNB (Gender Non-Binary),1,"Yes, there are one or more places",Mostly satisfied
556,Trans,Male,Trans woman (MTF),1,"Yes, there are one or more places",Very dissatisfied
557,Trans,Male,Trans GNB (Gender Non-Binary),1,"Yes, there are one or more places",Very satisfied
558,Trans,Male,Trans woman (MTF),1,"Yes, there are one or more places",Very satisfied
559,Trans,Female,Trans GNB (Gender Non-Binary),1,"Yes, there are one or more places",Mostly satisfied
564,Trans,Female,Trans GNB (Gender Non-Binary),1,"Yes, there are one or more places",Mostly satisfied
565,Trans,Female,Trans man (FTM),1,"Yes, there are one or more places",Mostly satisfied
566,Trans,Male,Trans woman (MTF),1,"Yes, there are one or more places",Mostly satisfied
568,Trans,Female,Trans GNB (Gender Non-Binary),1,"Yes, there are one or more places",Mostly satisfied
569,Trans,Female,Trans GNB (Gender Non-Binary),1,"Yes, there are one or more places",Mostly satisfied
570,Trans,Male,Trans woman (MTF),1,"Yes, there are one or more places",Very satisfied
571,Trans,Male,Trans GNB (Gender Non-Binary),1,"Yes, there are one or more places",Neutral
572,Trans,Female,Trans GNB (Gender Non-Binary),1,"Yes, there are one or more places",Mostly satisfied
573,Trans,Female,Trans GNB (Gender Non-Binary),1,"Yes, there are one or more places",Neutral
574,Trans,Male,Trans woman (MTF),1,"Yes, there are one or more places",Mostly satisfied
575,Trans,Male,Trans woman (MTF),1,"Yes, there are one or more places",Very satisfied
576,Trans,Female,Trans GNB (Gender Non-Binary),1,"Yes, there are one or more places",Mostly satisfied
577,Trans,Female,Trans man (FTM),1,"Yes, there are one or more places",Very satisfied
578,Trans,Female,Trans man (FTM),1,"Yes, there are one or more places",Very satisfied
579,Trans,Female,Trans man (FTM),1,"Yes, there are one or more places",Neutral
580,Trans,Female,Trans man (FTM),1,"Yes, there are one or more places",Mostly satisfied
581,Trans,Male,Trans woman (MTF),1,"Yes, there are one or more places",Very satisfied
582,Trans,Female,Trans man (FTM),1,"Yes, there are one or more places",Mostly satisfied
583,Trans,Female,Trans GNB (Gender Non-Binary),1,"Yes, there are one or more places",Mostly satisfied
584,Trans,Female,Trans man (FTM),1,"Yes, there are one or more places",Mostly dissatisfied
585,Trans,Female,Trans GNB (Gender Non-Binary),1,"Yes, there are one or more places",Mostly satisfied
586,Trans,Male,Trans woman (MTF),1,"Yes, there are one or more places",Mostly satisfied
587,Trans,Female,Trans man (FTM),1,"Yes, there are one or more places",Mostly satisfied
589,Trans,Male,Trans woman (MTF),1,"Yes, there are one or more places",Mostly satisfied
590,Trans,Male,Trans woman (MTF),1,"Yes, there are one or more places",Very satisfied
591,Trans,Female,Trans GNB (Gender Non-Binary),1,"Yes, there are one or more places",Very satisfied
592,Trans,Female,Trans GNB (Gender Non-Binary),1,"Yes, there are one or more places",Mostly dissatisfied
593,Trans,Female,Trans man (FTM),1,"Yes, there are one or more places",Mostly satisfied
594,Trans,Male,Trans GNB (Gender Non-Binary),1,"Yes, there are one or more places",Very satisfied
595,Trans,Male,Trans woman (MTF),1,"Yes, there are one or more places",Neutral
596,Trans,Female,Trans GNB (Gender Non-Binary),1,"Yes, there are one or more places",Mostly satisfied
597,Trans,Female,Trans GNB (Gender Non-Binary),1,"Yes, there are one or more places",Mostly satisfied
598,Trans,Male,Trans woman (MTF),1,"Yes, there are one or more places",Very satisfied
600,Trans,Male,Trans woman (MTF),1,"Yes, there are one or more places",Mostly satisfied
601,Trans,Male,Trans woman (MTF),1,"Yes, there are one or more places",Mostly satisfied
602,Trans,Female,Trans GNB (Gender Non-Binary),1,"Yes, there are one or more places",Mostly dissatisfied
603,Trans,Female,Trans GNB (Gender Non-Binary),1,"Yes, there are one or more places",Mostly satisfied
604,Trans,Male,Trans woman (MTF),1,"Yes, there are one or more places",Very satisfied
605,Trans,Female,Trans man (FTM),1,"Yes, there are one or more places",Very satisfied
607,Trans,Male,Trans GNB (Gender Non-Binary),1,"Yes, there are one or more places",Mostly dissatisfied
608,Trans,Female,Trans woman (MTF),1,"Yes, there are one or more places",Very dissatisfied
609,Trans,Female,Trans man (FTM),1,"Yes, there are one or more places",Mostly satisfied
610,Trans,Male,Trans woman (MTF),1,"Yes, there are one or more places",Mostly satisfied
611,Trans,Female,Trans man (FTM),1,"Yes, there are one or more places",Very satisfied
612,Trans,Female,Trans man (FTM),1,"Yes, there are one or more places",Mostly satisfied
613,Trans,Male,Trans woman (MTF),1,"Yes, there are one or more places",Very satisfied
615,Trans,Male,Trans woman (MTF),1,"Yes, there are one or more places",Very satisfied
616,Trans,Male,Trans woman (MTF),1,"Yes, there are one or more places",Mostly satisfied
617,Trans,Male,Trans woman (MTF),1,"Yes, there are one or more places",Very satisfied
618,Trans,Male,Trans woman (MTF),1,"Yes, there are one or more places",Mostly satisfied
619,Trans,Male,Trans woman (MTF),1,"Yes, there are one or more places",Mostly satisfied
620,Trans,Female,Trans GNB (Gender Non-Binary),1,"Yes, there are one or more places",Mostly satisfied
621,Trans,Female,Trans man (FTM),1,"Yes, there are one or more places",Mostly satisfied
623,Trans,Male,Trans woman (MTF),1,"Yes, there are one or more places",Very satisfied
624,Trans,Male,Trans GNB (Gender Non-Binary),1,"Yes, there are one or more places",Very satisfied
625,Trans,Female,Trans GNB (Gender Non-Binary),1,"Yes, there are one or more places",Mostly dissatisfied
626,Cis,Female,Cis woman,2,"Yes, there are one or more places",Very satisfied
627,Cis,Female,Cis woman,2,"Yes, there are one or more places",Very satisfied
628,Cis,Male,Cis man,2,"Yes, there are one or more places",Very satisfied
629,Cis,Male,Cis man,2,"Yes, there are one or more places",Very satisfied
630,Cis,Female,Cis woman,2,"Yes, there are one or more places",Mostly dissatisfied
631,Cis,Male,Cis man,2,"Yes, there are one or more places",Very satisfied
632,Cis,Male,Cis man,2,"Yes, there are one or more places",Very satisfied
633,Cis,Female,Cis woman,2,"Yes, there are one or more places",Mostly satisfied
634,Cis,Male,Cis man,2,"Yes, there are one or more places",Mostly satisfied
635,Cis,Male,Cis man,2,"Yes, there are one or more places",Very satisfied
636,Cis,Male,Cis man,2,"Yes, there are one or more places",Mostly satisfied
637,Cis,Female,Cis woman,2,"Yes, there are one or more places",Very satisfied
638,Cis,Male,Cis man,2,"Yes, there are one or more places",Very satisfied
639,Cis,Female,Cis woman,2,"Yes, there are one or more places",Very satisfied
640,Cis,Female,Cis woman,2,"Yes, there are one or more places",Very satisfied
641,Cis,Male,Cis man,2,"Yes, there are one or more places",Mostly satisfied
642,Cis,Female,Cis woman,2,"Yes, there are one or more places",Very satisfied
643,Cis,Male,Cis man,2,"Yes, there are one or more places",Very satisfied
645,Cis,Female,Cis woman,2,"Yes, there are one or more places",Very satisfied
646,Cis,Female,Cis woman,2,"Yes, there are one or more places",Very satisfied
647,Cis,Male,Cis man,2,"Yes, there are one or more places",Neutral
648,Cis,Male,Cis man,2,"Yes, there are one or more places",Very satisfied
649,Cis,Male,Cis man,2,"Yes, there are one or more places",Very satisfied
651,Cis,Male,Cis man,2,"Yes, there are one or more places",Very satisfied
652,Cis,Male,Cis man,2,"Yes, there are one or more places",Mostly satisfied
653,Cis,Male,Cis man,2,"Yes, there are one or more places",Very satisfied
654,Cis,Female,Cis woman,2,"Yes, there are one or more places",Mostly satisfied
655,Cis,Female,Cis woman,2,"Yes, there are one or more places",Very satisfied
656,Cis,Male,Cis man,2,"Yes, there are one or more places",Mostly satisfied
657,Cis,Male,Cis man,2,"Yes, there are one or more places",Very satisfied
658,Cis,Male,Cis man,2,"Yes, there are one or more places",Very satisfied
659,Cis,Female,Cis woman,2,"Yes, there are one or more places",Mostly satisfied
661,Cis,Female,Cis woman,2,"Yes, there are one or more places",Mostly satisfied
662,Cis,Female,Cis woman,2,"Yes, there are one or more places",Very satisfied
663,Cis,Female,Cis woman,2,"Yes, there are one or more places",Mostly satisfied
664,Cis,Male,Cis man,2,"Yes, there are one or more places",Very satisfied
665,Cis,Female,Cis woman,2,"Yes, there are one or more places",Very satisfied
666,Cis,Male,Cis man,2,"Yes, there are one or more places",Very satisfied
667,Cis,Male,Cis man,2,"Yes, there are one or more places",Very satisfied
669,Cis,Female,Cis woman,2,"Yes, there are one or more places",Very satisfied
670,Cis,Male,Cis man,2,"Yes, there are one or more places",Mostly satisfied
671,Cis,Male,Cis man,2,"Yes, there are one or more places",Mostly satisfied
672,Cis,Male,Cis man,2,"Yes, there are one or more places",Mostly satisfied
673,Cis,Male,Cis man,2,"Yes, there are one or more places",Mostly satisfied
674,Cis,Male,Cis man,2,"Yes, there are one or more places",Very satisfied
675,Cis,Female,Cis woman,2,"Yes, there are one or more places",Mostly satisfied
676,Cis,Female,Cis woman,2,"Yes, there are one or more places",Very satisfied
677,Cis,Female,Cis woman,2,"Yes, there are one or more places",Very satisfied
678,Cis,Female,Cis woman,2,"Yes, there are one or more places",Very satisfied
679,Cis,Female,Cis woman,2,"Yes, there are one or more places",Mostly satisfied
680,Cis,Female,Cis woman,2,"Yes, there are one or more places",Very satisfied
681,Cis,Female,Cis woman,2,"Yes, there are one or more places",Very satisfied
682,Cis,Male,Cis man,2,"Yes, there are one or more places",Neutral
683,Cis,Male,Cis man,2,"Yes, there are one or more places",Very satisfied
685,Cis,Female,Cis woman,2,"Yes, there are one or more places",Very satisfied
686,Cis,Male,Cis man,2,"Yes, there are one or more places",Very satisfied
687,Cis,Female,Cis woman,2,"Yes, there are one or more places",Mostly satisfied
689,Cis,Male,Cis man,2,"Yes, there are one or more places",Mostly satisfied
691,Cis,Male,Cis man,2,"Yes, there are one or more places",Neutral
692,Cis,Female,Cis woman,2,"Yes, there are one or more places",Very satisfied
693,Cis,Male,Cis man,2,"Yes, there are one or more places",Very satisfied
694,Cis,Male,Cis man,2,"Yes, there are one or more places",Mostly satisfied
695,Cis,Female,Cis woman,2,"Yes, there are one or more places",Very satisfied
696,Cis,Female,Cis woman,2,"Yes, there are one or more places",Very satisfied
697,Cis,Female,Cis woman,2,"Yes, there are one or more places",Very satisfied
698,Cis,Female,Cis woman,2,"Yes, there are one or more places",Mostly satisfied
699,Cis,Female,Cis woman,2,"Yes, there are one or more places",Very satisfied
700,Cis,Female,Cis woman,2,"Yes, there are one or more places",Very satisfied
701,Cis,Male,Cis man,2,"Yes, there are one or more places",Very satisfied
702,Cis,Female,Cis woman,2,"Yes, there are one or more places",Mostly satisfied
703,Cis,Male,Cis man,2,"Yes, there are one or more places",Very satisfied
705,Cis,Male,Cis man,2,"Yes, there are one or more places",Mostly satisfied
706,Cis,Female,Cis woman,2,"Yes, there are one or more places",Mostly satisfied
707,Cis,Male,Cis man,2,"Yes, there are one or more places",Very satisfied
708,Cis,Male,Cis man,2,"Yes, there are one or more places",Mostly satisfied
709,Cis,Male,Cis man,2,"Yes, there are one or more places",Mostly satisfied
710,Cis,Male,Cis man,2,"Yes, there are one or more places",Mostly satisfied
711,Cis,Male,Cis man,2,"Yes, there are one or more places",Very satisfied
712,Cis,Male,Cis man,2,"Yes, there are one or more places",Mostly satisfied
714,Cis,Male,Cis man,2,"Yes, there are one or more places",Very satisfied
715,Cis,Female,Cis woman,2,"Yes, there are one or more places",Mostly satisfied
716,Cis,Female,Cis woman,2,"Yes, there are one or more places",Very satisfied
717,Cis,Female,Cis woman,2,"Yes, there are one or more places",Very satisfied
719,Cis,Male,Cis man,2,"Yes, there are one or more places",Mostly satisfied
720,Cis,Female,Cis woman,2,"Yes, there are one or more places",Mostly satisfied
721,Cis,Male,Cis man,2,"Yes, there are one or more places",Very satisfied
722,Cis,Male,Cis man,2,"Yes, there are one or more places",Very satisfied
723,Cis,Female,Cis woman,2,"Yes, there are one or more places",Neutral
724,Cis,Female,Cis woman,2,"Yes, there are one or more places",Very satisfied
725,Cis,Male,Cis man,2,"Yes, there are one or more places",Mostly satisfied
726,Cis,Female,Cis woman,2,"Yes, there are one or more places",Mostly satisfied
727,Cis,Male,Cis man,2,"Yes, there are one or more places",Very satisfied
728,Cis,Female,Cis woman,2,"Yes, there are one or more places",Very satisfied
729,Cis,Male,Cis man,2,"Yes, there are one or more places",Neutral
730,Cis,Female,Cis woman,2,"Yes, there are one or more places",Mostly satisfied
731,Cis,Male,Cis man,2,"Yes, there are one or more places",Very satisfied
732,Cis,Female,Cis woman,2,"Yes, there are one or more places",Mostly satisfied
733,Cis,Male,Cis man,2,"Yes, there are one or more places",Very satisfied
734,Cis,Male,Cis man,2,"Yes, there are one or more places",Mostly satisfied
735,Cis,Female,Cis woman,2,"Yes, there are one or more places",Very satisfied
736,Cis,Male,Cis man,2,"Yes, there are one or more places",Mostly satisfied
737,Cis,Male,Cis man,2,"Yes, there are one or more places",Very satisfied
738,Cis,Female,Cis woman,2,"Yes, there are one or more places",Mostly satisfied
739,Cis,Female,Cis woman,2,"Yes, there are one or more places",Mostly satisfied
740,Cis,Female,Cis woman,2,"Yes, there are one or more places",Very satisfied
741,Cis,Female,Cis woman,2,"Yes, there are one or more places",Very dissatisfied
743,Cis,Female,Cis woman,2,"Yes, there are one or more places",Very satisfied
744,Cis,Female,Cis woman,2,"Yes, there are one or more places",Very satisfied
745,Cis,Male,Cis man,2,"Yes, there are one or more places",Neutral
746,Cis,Male,Cis man,2,"Yes, there are one or more places",Mostly satisfied
747,Cis,Female,Cis woman,2,"Yes, there are one or more places",Very satisfied
749,Cis,Female,Cis woman,2,"Yes, there are one or more places",Mostly satisfied
750,Cis,Female,Cis woman,2,"Yes, there are one or more places",Very satisfied
751,Cis,Female,Cis woman,2,"Yes, there are one or more places",Very satisfied
752,Cis,Male,Cis man,2,"Yes, there are one or more places",Very satisfied
753,Cis,Male,Cis man,2,"Yes, there are one or more places",Mostly satisfied
754,Cis,Female,Cis woman,2,"Yes, there are one or more places",Neutral
755,Cis,Female,Cis woman,2,"Yes, there are one or more places",Mostly satisfied
756,Cis,Female,Cis woman,2,"Yes, there are one or more places",Neutral
757,Cis,Male,Cis man,2,"Yes, there are one or more places",Very satisfied
758,Cis,Male,Cis man,2,"Yes, there are one or more places",Very satisfied
759,Cis,Male,Cis man,2,"Yes, there are one or more places",Mostly satisfied
760,Cis,Female,Cis woman,2,"Yes, there are one or more places",Very satisfied
761,Cis,Female,Cis woman,2,"Yes, there are one or more places",Mostly satisfied
762,Cis,Male,Cis man,2,"Yes, there are one or more places",Neutral
763,Cis,Female,Cis woman,2,"Yes, there are one or more places",Mostly satisfied
764,Cis,Female,Cis woman,2,"Yes, there are one or more places",Mostly satisfied
765,Cis,Female,Cis woman,2,"Yes, there are one or more places",Very satisfied
766,Cis,Male,Cis man,2,"Yes, there are one or more places",Very satisfied
767,Cis,Female,Cis woman,2,"Yes, there are one or more places",Mostly satisfied
768,Cis,Female,Cis woman,2,"Yes, there are one or more places",Mostly satisfied
769,Cis,Female,Cis woman,2,"Yes, there are one or more places",Very satisfied
770,Cis,Female,Cis woman,2,"Yes, there are one or more places",Very satisfied
771,Cis,Male,Cis man,2,"Yes, there are one or more places",Mostly satisfied
772,Cis,Male,Cis man,2,"Yes, there are one or more places",Very satisfied
773,Cis,Female,Cis woman,2,"Yes, there are one or more places",Neutral
775,Cis,Female,Cis woman,2,"Yes, there are one or more places",Mostly satisfied
776,Cis,Female,Cis woman,2,"Yes, there are one or more places",Very satisfied
777,Cis,Male,Cis man,2,"Yes, there are one or more places",Mostly satisfied
778,Cis,Male,Cis man,2,"Yes, there are one or more places",Mostly satisfied
780,Cis,Female,Cis woman,2,"Yes, there are one or more places",Very satisfied
781,Cis,Male,Cis man,2,"Yes, there are one or more places",Mostly satisfied
782,Cis,Female,Cis woman,2,"Yes, there are one or more places",Very satisfied
783,Cis,Male,Cis man,2,"Yes, there are one or more places",Very satisfied
784,Cis,Male,Cis man,2,"Yes, there are one or more places",Mostly dissatisfied
785,Cis,Female,Cis woman,2,"Yes, there are one or more places",Very satisfied
786,Cis,Male,Cis man,2,"Yes, there are one or more places",Neutral
787,Cis,Male,Cis man,2,"Yes, there are one or more places",Mostly satisfied
788,Cis,Female,Cis woman,2,"Yes, there are one or more places",Very satisfied
790,Cis,Male,Cis man,2,"Yes, there are one or more places",Mostly satisfied
791,Cis,Female,Cis woman,2,"Yes, there are one or more places",Very satisfied
792,Cis,Female,Cis woman,2,"Yes, there are one or more places",Mostly satisfied
793,Cis,Male,Cis man,2,"Yes, there are one or more places",Very satisfied
794,Cis,Male,Cis man,2,"Yes, there are one or more places",Very satisfied
795,Cis,Male,Cis man,2,"Yes, there are one or more places",Mostly satisfied
796,Cis,Female,Cis woman,2,"Yes, there are one or more places",Mostly satisfied
797,Cis,Male,Cis man,2,"Yes, there are one or more places",Mostly satisfied
798,Cis,Male,Cis man,2,"Yes, there are one or more places",Very satisfied
799,Cis,Male,Cis man,2,"Yes, there are one or more places",Very satisfied
800,Cis,Male,Cis man,2,"Yes, there are one or more places",Very satisfied
801,Cis,Male,Cis man,2,"Yes, there are one or more places",Very satisfied
802,Cis,Male,Cis man,2,"Yes, there are one or more places",Mostly satisfied
803,Cis,Female,Cis woman,2,"Yes, there are one or more places",Very satisfied
804,Cis,Female,Cis woman,2,"Yes, there are one or more places",Mostly satisfied
805,Cis,Male,Cis man,2,"Yes, there are one or more places",Mostly satisfied
806,Cis,Male,Cis man,2,"Yes, there are one or more places",Mostly satisfied
807,Cis,Male,Cis man,2,"Yes, there are one or more places",Very satisfied
808,Cis,Female,Cis woman,2,"Yes, there are one or more places",Mostly satisfied
810,Cis,Male,Cis man,2,"Yes, there are one or more places",Very satisfied
811,Cis,Male,Cis man,2,"Yes, there are one or more places",Very satisfied
812,Cis,Male,Cis man,2,"Yes, there are one or more places",Mostly satisfied
814,Cis,Male,Cis man,2,"Yes, there are one or more places",Mostly satisfied
815,Cis,Male,Cis man,2,"Yes, there are one or more places",Mostly satisfied
816,Cis,Male,Cis man,2,"Yes, there are one or more places",Neutral
817,Cis,Male,Cis man,2,"Yes, there are one or more places",Mostly satisfied
818,Cis,Female,Cis woman,2,"Yes, there are one or more places",Very satisfied
819,Cis,Female,Cis woman,2,"Yes, there are one or more places",Very satisfied
821,Cis,Male,Cis man,2,"Yes, there are one or more places",Mostly satisfied
822,Cis,Female,Cis woman,2,"Yes, there are one or more places",Very dissatisfied
823,Cis,Male,Cis man,2,"Yes, there are one or more places",Mostly satisfied
824,Cis,Male,Cis man,2,"Yes, there are one or more places",Very satisfied
825,Cis,Female,Cis woman,2,"Yes, there are one or more places",Very satisfied
827,Cis,Male,Cis man,2,"Yes, there are one or more places",Neutral
829,Cis,Female,Cis woman,2,"Yes, there are one or more places",Mostly satisfied
830,Cis,Female,Cis woman,2,"Yes, there are one or more places",Mostly satisfied
831,Cis,Male,Cis man,2,"Yes, there are one or more places",Very satisfied
832,Cis,Female,Cis woman,2,"Yes, there are one or more places",Very satisfied
833,Cis,Female,Cis woman,2,"Yes, there are one or more places",Very satisfied
834,Cis,Male,Cis man,2,"Yes, there are one or more places",Very satisfied
835,Cis,Female,Cis woman,2,"Yes, there are one or more places",Very satisfied
836,Cis,Male,Cis man,2,"Yes, there are one or more places",Mostly satisfied
837,Cis,Female,Cis woman,2,"Yes, there are one or more places",Mostly dissatisfied
838,Cis,Female,Cis woman,2,"Yes, there are one or more places",Very satisfied
839,Cis,Female,Cis woman,2,"Yes, there are one or more places",Very satisfied
840,Cis,Female,Cis woman,2,"Yes, there are one or more places",Mostly satisfied
842,Cis,Female,Cis woman,2,"Yes, there are one or more places",Very satisfied
843,Cis,Male,Cis man,2,"Yes, there are one or more places",Very satisfied
844,Cis,Female,Cis woman,2,"Yes, there are one or more places",Mostly satisfied
846,Cis,Female,Cis woman,2,"Yes, there are one or more places",Mostly satisfied
847,Cis,Female,Cis woman,2,"Yes, there are one or more places",Very satisfied
848,Cis,Male,Cis man,2,"Yes, there are one or more places",Very satisfied
850,Cis,Female,Cis woman,2,"Yes, there are one or more places",Very satisfied
851,Cis,Male,Cis man,2,"Yes, there are one or more places",Very satisfied
852,Cis,Female,Cis woman,2,"Yes, there are one or more places",Neutral
853,Cis,Female,Cis woman,2,"Yes, there are one or more places",Very satisfied
854,Cis,Female,Cis woman,2,"Yes, there are one or more places",Mostly satisfied
855,Cis,Female,Cis woman,2,"Yes, there are one or more places",Mostly satisfied
856,Cis,Male,Cis man,2,"Yes, there are one or more places",Mostly satisfied
857,Cis,Female,Cis woman,2,"Yes, there are one or more places",Very satisfied
858,Cis,Male,Cis man,2,"Yes, there are one or more places",Mostly satisfied
859,Cis,Male,Cis man,2,"Yes, there are one or more places",Very satisfied
860,Cis,Female,Cis woman,2,"Yes, there are one or more places",Mostly satisfied
861,Cis,Male,Cis man,2,"Yes, there are one or more places",Mostly satisfied
862,Cis,Male,Cis man,2,"Yes, there are one or more places",Mostly satisfied
863,Cis,Female,Cis woman,2,"Yes, there are one or more places",Mostly satisfied
864,Cis,Female,Cis woman,2,"Yes, there are one or more places",Mostly dissatisfied
865,Cis,Female,Cis woman,2,"Yes, there are one or more places",Mostly satisfied
866,Cis,Female,Cis woman,2,"Yes, there are one or more places",Mostly satisfied
867,Cis,Female,Cis woman,2,"Yes, there are one or more places",Mostly satisfied
868,Cis,Male,Cis man,2,"Yes, there are one or more places",Very satisfied
869,Cis,Male,Cis man,2,"Yes, there are one or more places",Mostly satisfied
870,Cis,Female,Cis woman,2,"Yes, there are one or more places",Very satisfied
871,Cis,Male,Cis man,2,"Yes, there are one or more places",Mostly satisfied
872,Cis,Female,Cis woman,2,"Yes, there are one or more places",Very satisfied
873,Cis,Female,Cis woman,2,"Yes, there are one or more places",Mostly satisfied
874,Cis,Male,Cis man,2,"Yes, there are one or more places",Very satisfied
875,Cis,Female,Cis woman,2,"Yes, there are one or more places",Mostly satisfied
876,Cis,Male,Cis man,2,"Yes, there are one or more places",Very satisfied
877,Cis,Male,Cis man,2,"Yes, there are one or more places",Mostly satisfied
878,Cis,Female,Cis woman,2,"Yes, there are one or more places",Mostly satisfied
879,Cis,Female,Cis woman,2,"Yes, there are one or more places",Mostly satisfied
880,Cis,Male,Cis man,2,"Yes, there are one or more places",Mostly satisfied
881,Cis,Female,Cis woman,2,"Yes, there are one or more places",Very satisfied
882,Cis,Male,Cis man,2,"Yes, there are one or more places",Neutral
883,Cis,Female,Cis woman,2,"Yes, there are one or more places",Neutral
884,Cis,Male,Cis man,2,"Yes, there are one or more places",Mostly satisfied
885,Cis,Male,Cis man,2,"Yes, there are one or more places",Neutral
886,Cis,Female,Cis woman,2,"Yes, there are one or more places",Mostly satisfied
887,Cis,Female,Cis woman,2,"Yes, there are one or more places",Very satisfied
891,Cis,Male,Cis man,2,"Yes, there are one or more places",Very satisfied
892,Cis,Female,Cis woman,2,"Yes, there are one or more places",Very satisfied
893,Cis,Female,Cis woman,2,"Yes, there are one or more places",Mostly satisfied
894,Cis,Male,Cis man,2,"Yes, there are one or more places",Very satisfied
895,Cis,Male,Cis man,2,"Yes, there are one or more places",Very satisfied
896,Cis,Male,Cis man,2,"Yes, there are one or more places",Mostly satisfied
897,Cis,Female,Cis woman,2,"Yes, there are one or more places",Very satisfied
899,Cis,Female,Cis woman,2,"Yes, there are one or more places",Very satisfied
900,Cis,Male,Cis man,2,"Yes, there are one or more places",Very satisfied
901,Cis,Female,Cis woman,2,"Yes, there are one or more places",Mostly satisfied
902,Cis,Female,Cis woman,2,"Yes, there are one or more places",Mostly satisfied
903,Cis,Female,Cis woman,2,"Yes, there are one or more places",Neutral
904,Cis,Male,Cis man,2,"Yes, there are one or more places",Mostly satisfied
905,Cis,Male,Cis man,2,"Yes, there are one or more places",Mostly satisfied
906,Cis,Female,Cis woman,2,"Yes, there are one or more places",Mostly satisfied
907,Cis,Male,Cis man,2,"Yes, there are one or more places",Mostly satisfied
908,Cis,Female,Cis woman,2,"Yes, there are one or more places",Mostly satisfied
909,Cis,Male,Cis man,2,"Yes, there are one or more places",Very satisfied
910,Cis,Female,Cis woman,2,"Yes, there are one or more places",Very satisfied
911,Cis,Female,Cis woman,2,"Yes, there are one or more places",Very satisfied
912,Cis,Female,Cis woman,2,"Yes, there are one or more places",Mostly satisfied
913,Cis,Male,Cis man,2,"Yes, there are one or more places",Very satisfied
914,Cis,Male,Cis man,2,"Yes, there are one or more places",Very satisfied
915,Cis,Male,Cis man,2,"Yes, there are one or more places",Very satisfied
916,Cis,Female,Cis woman,2,"Yes, there are one or more places",Mostly satisfied
917,Cis,Female,Cis woman,2,"Yes, there are one or more places",Mostly dissatisfied
918,Cis,Female,Cis woman,2,"Yes, there are one or more places",Mostly satisfied
919,Cis,Male,Cis man,2,"Yes, there are one or more places",Very satisfied
920,Cis,Female,Cis woman,2,"Yes, there are one or more places",Very satisfied
921,Cis,Male,Cis man,2,"Yes, there are one or more places",Very satisfied
922,Cis,Male,Cis man,2,"Yes, there are one or more places",Mostly satisfied
923,Cis,Male,Cis man,2,"Yes, there are one or more places",Very satisfied
924,Cis,Female,Cis woman,2,"Yes, there are one or more places",Mostly satisfied
925,Cis,Female,Cis woman,2,"Yes, there are one or more places",Very satisfied
926,Cis,Male,Cis man,2,"Yes, there are one or more places",Very satisfied
927,Cis,Male,Cis man,2,"Yes, there are one or more places",Very satisfied
928,Cis,Male,Cis man,2,"Yes, there are one or more places",Neutral
929,Cis,Male,Cis man,2,"Yes, there are one or more places",Very satisfied
930,Cis,Male,Cis man,2,"Yes, there are one or more places",Mostly satisfied
931,Cis,Male,Cis man,2,"Yes, there are one or more places",Very satisfied
932,Cis,Male,Cis man,2,"Yes, there are one or more places",Mostly satisfied
933,Cis,Female,Cis woman,2,"Yes, there are one or more places",Very satisfied
935,Cis,Male,Cis man,2,"Yes, there are one or more places",Mostly satisfied
937,Cis,Female,Cis woman,2,"Yes, there are one or more places",Very satisfied
938,Cis,Female,Cis woman,2,"Yes, there are one or more places",Mostly satisfied
939,Cis,Female,Cis woman,2,"Yes, there are one or more places",Mostly satisfied
940,Cis,Female,Cis woman,2,"Yes, there are one or more places",Mostly satisfied
941,Cis,Female,Cis woman,2,"Yes, there are one or more places",Mostly satisfied
942,Cis,Male,Cis man,2,"Yes, there are one or more places",Mostly satisfied
943,Cis,Male,Cis man,2,"Yes, there are one or more places",Very satisfied
944,Cis,Male,Cis man,2,"Yes, there are one or more places",Mostly satisfied
945,Cis,Male,Cis man,2,"Yes, there are one or more places",Very satisfied
946,Cis,Male,Cis man,2,"Yes, there are one or more places",Mostly satisfied
947,Cis,Male,Cis man,2,"Yes, there are one or more places",Very satisfied
948,Cis,Female,Cis woman,2,"Yes, there are one or more places",Very satisfied
949,Cis,Female,Cis woman,2,"Yes, there are one or more places",Mostly satisfied
951,Cis,Female,Cis woman,2,"Yes, there are one or more places",Mostly satisfied
952,Cis,Female,Cis woman,2,"Yes, there are one or more places",Neutral
953,Cis,Female,Cis woman,2,"Yes, there are one or more places",Very satisfied
954,Cis,Male,Cis man,2,"Yes, there are one or more places",Mostly satisfied
955,Cis,Female,Cis woman,2,"Yes, there are one or more places",Very satisfied
958,Cis,Female,Cis woman,2,"Yes, there are one or more places",Very satisfied
959,Cis,Male,Cis man,2,"Yes, there are one or more places",Mostly satisfied
960,Cis,Male,Cis man,2,"Yes, there are one or more places",Mostly satisfied
961,Cis,Female,Cis woman,2,"Yes, there are one or more places",Very satisfied
962,Cis,Female,Cis woman,2,"Yes, there are one or more places",Very satisfied
963,Cis,Female,Cis woman,2,"Yes, there are one or more places",Mostly satisfied
964,Cis,Male,Cis man,2,"Yes, there are one or more places",Mostly satisfied
965,Cis,Female,Cis woman,2,"Yes, there are one or more places",Very satisfied
966,Cis,Male,Cis man,2,"Yes, there are one or more places",Very satisfied
967,Cis,Male,Cis man,2,"Yes, there are one or more places",Very satisfied
968,Cis,Male,Cis man,2,"Yes, there are one or more places",Very satisfied
969,Cis,Male,Cis man,2,"Yes, there are one or more places",Very satisfied
970,Cis,Male,Cis man,2,"Yes, there are one or more places",Very satisfied
971,Cis,Female,Cis woman,2,"Yes, there are one or more places",Very satisfied
972,Cis,Female,Cis woman,2,"Yes, there are one or more places",Mostly satisfied
973,Cis,Female,Cis woman,2,"Yes, there are one or more places",Mostly satisfied
974,Cis,Male,Cis man,2,"Yes, there are one or more places",Mostly satisfied
975,Cis,Female,Cis woman,2,"Yes, there are one or more places",Mostly satisfied
976,Cis,Male,Cis man,2,"Yes, there are one or more places",Very satisfied
977,Cis,Male,Cis man,2,"Yes, there are one or more places",Mostly satisfied
978,Cis,Female,Cis woman,2,"Yes, there are one or more places",Very satisfied
979,Cis,Female,Cis woman,2,"Yes, there are one or more places",Mostly satisfied
980,Cis,Male,Cis man,2,"Yes, there are one or more places",Mostly satisfied
981,Cis,Male,Cis man,2,"Yes, there are one or more places",Mostly satisfied
982,Cis,Male,Cis man,2,"Yes, there are one or more places",Very satisfied
983,Cis,Female,Cis woman,2,"Yes, there are one or more places",Very dissatisfied
984,Cis,Male,Cis man,2,"Yes, there are one or more places",Mostly satisfied
985,Cis,Male,Cis man,2,"Yes, there are one or more places",Very satisfied
986,Cis,Female,Cis woman,2,"Yes, there are one or more places",Mostly satisfied
987,Cis,Female,Cis woman,2,"Yes, there are one or more places",Mostly satisfied
988,Cis,Female,Cis woman,2,"Yes, there are one or more places",Mostly satisfied
989,Cis,Male,Cis man,2,"Yes, there are one or more places",Very satisfied
990,Cis,Male,Cis man,2,"Yes, there are one or more places",Very satisfied
991,Cis,Male,Cis man,2,"Yes, there are one or more places",Mostly satisfied
992,Cis,Female,Cis woman,2,"Yes, there are one or more places",Mostly satisfied
993,Cis,Female,Cis woman,2,"Yes, there are one or more places",Very satisfied
994,Cis,Female,Cis woman,2,"Yes, there are one or more places",Very satisfied
995,Cis,Male,Cis man,2,"Yes, there are one or more places",Mostly satisfied
996,Cis,Male,Cis man,2,"Yes, there are one or more places",Mostly satisfied
997,Cis,Male,Cis man,2,"Yes, there are one or more places",Mostly satisfied
999,Cis,Female,Cis woman,2,"Yes, there are one or more places",Mostly satisfied
1000,Cis,Male,Cis man,2,"Yes, there are one or more places",Very satisfied
1002,Cis,Female,Cis woman,2,"Yes, there are one or more places",Mostly dissatisfied
1003,Cis,Female,Cis woman,2,"Yes, there are one or more places",Neutral
1004,Cis,Female,Cis woman,2,"Yes, there are one or more places",Mostly satisfied
1006,Cis,Female,Cis woman,2,"Yes, there are one or more places",Very satisfied
1007,Cis,Female,Cis woman,2,"Yes, there are one or more places",Mostly satisfied
1008,Cis,Female,Cis woman,2,"Yes, there are one or more places",Mostly satisfied
1009,Cis,Male,Cis man,2,"Yes, there are one or more places",Very satisfied
1010,Cis,Male,Cis man,2,"Yes, there are one or more places",Very satisfied
1011,Cis,Female,Cis woman,2,"Yes, there are one or more places",Mostly satisfied
1012,Cis,Female,Cis woman,2,"Yes, there are one or more places",Mostly satisfied
1013,Cis,Male,Cis man,2,"Yes, there are one or more places",Very satisfied
1014,Cis,Male,Cis man,2,"Yes, there are one or more places",Mostly satisfied
1015,Cis,Female,Cis woman,2,"Yes, there are one or more places",Mostly satisfied
1016,Cis,Male,Cis man,2,"Yes, there are one or more places",Mostly satisfied
1017,Cis,Female,Cis woman,2,"Yes, there are one or more places",Mostly satisfied
1019,Cis,Female,Cis woman,2,"Yes, there are one or more places",Mostly satisfied
1020,Cis,Female,Cis woman,2,"Yes, there are one or more places",Mostly satisfied
1021,Cis,Male,Cis man,2,"Yes, there are one or more places",Very satisfied
1022,Cis,Male,Cis man,2,"Yes, there are one or more places",Neutral
1023,Cis,Male,Cis man,2,"Yes, there are one or more places",Mostly satisfied
1024,Cis,Female,Cis woman,2,"Yes, there are one or more places",Very satisfied
1025,Cis,Male,Cis man,2,"Yes, there are one or more places",Mostly satisfied
1026,Cis,Male,Cis man,2,"Yes, there are one or more places",Very satisfied
1028,Cis,Female,Cis woman,2,"Yes, there are one or more places",Mostly satisfied
1030,Cis,Female,Cis woman,2,"Yes, there are one or more places",Mostly satisfied
1031,Cis,Male,Cis man,2,"Yes, there are one or more places",Mostly satisfied
1032,Cis,Female,Cis woman,2,"Yes, there are one or more places",Very satisfied
1033,Cis,Male,Cis man,2,"Yes, there are one or more places",Mostly satisfied
1034,Cis,Female,Cis woman,2,"Yes, there are one or more places",Very satisfied
1035,Cis,Male,Cis man,2,"Yes, there are one or more places",Very satisfied
1036,Cis,Female,Cis woman,2,"Yes, there are one or more places",Very satisfied
1037,Cis,Male,Cis man,2,"Yes, there are one or more places",Neutral
1038,Cis,Female,Cis woman,2,"Yes, there are one or more places",Very satisfied
1039,Cis,Male,Cis man,2,"Yes, there are one or more places",Very satisfied
1040,Cis,Male,Cis man,2,"Yes, there are one or more places",Very satisfied
1042,Cis,Female,Cis woman,2,"Yes, there are one or more places",Mostly satisfied
1043,Cis,Female,Cis woman,2,"Yes, there are one or more places",Mostly satisfied
1044,Cis,Female,Cis woman,2,"Yes, there are one or more places",Very satisfied
1045,Cis,Female,Cis woman,2,"Yes, there are one or more places",Very satisfied
1046,Cis,Female,Cis woman,2,"Yes, there are one or more places",Very satisfied
1047,Cis,Male,Cis man,2,"Yes, there are one or more places",Very satisfied
1048,Cis,Female,Cis woman,2,"Yes, there are one or more places",Very satisfied
1049,Cis,Female,Cis woman,2,"Yes, there are one or more places",Mostly satisfied
1050,Cis,Female,Cis woman,2,"Yes, there are one or more places",Mostly satisfied
1051,Cis,Female,Cis woman,2,"Yes, there are one or more places",Mostly satisfied
1052,Cis,Female,Cis woman,2,"Yes, there are one or more places",Mostly satisfied
1053,Cis,Female,Cis woman,2,"Yes, there are one or more places",Neutral
1054,Cis,Female,Cis woman,2,"Yes, there are one or more places",Mostly satisfied
1055,Cis,Male,Cis man,2,"Yes, there are one or more places",Very satisfied
1056,Cis,Male,Cis man,2,"Yes, there are one or more places",Mostly satisfied
1057,Cis,Male,Cis man,2,"Yes, there are one or more places",Very satisfied
1058,Cis,Male,Cis man,2,"Yes, there are one or more places",Mostly satisfied
1059,Cis,Female,Cis woman,2,"Yes, there are one or more places",Mostly dissatisfied
1060,Cis,Female,Cis woman,2,"Yes, there are one or more places",Mostly satisfied
1061,Cis,Female,Cis woman,2,"Yes, there are one or more places",Neutral
1062,Cis,Male,Cis man,2,"Yes, there are one or more places",Very satisfied
1063,Cis,Female,Cis woman,2,"Yes, there are one or more places",Neutral
1066,Cis,Male,Cis man,2,"Yes, there are one or more places",Mostly satisfied
1067,Cis,Male,Cis man,2,"Yes, there are one or more places",Mostly satisfied
1068,Cis,Female,Cis woman,2,"Yes, there are one or more places",Very satisfied
1069,Cis,Female,Cis woman,2,"Yes, there are one or more places",Mostly satisfied
1070,Cis,Female,Cis woman,2,"Yes, there are one or more places",Very satisfied
1071,Cis,Female,Cis woman,2,"Yes, there are one or more places",Mostly satisfied
1072,Cis,Female,Cis woman,2,"Yes, there are one or more places",Very satisfied
1074,Cis,Male,Cis man,2,"Yes, there are one or more places",Mostly satisfied
1075,Cis,Male,Cis man,2,"Yes, there are one or more places",Very satisfied
1076,Cis,Male,Cis man,2,"Yes, there are one or more places",Very satisfied
1077,Cis,Female,Cis woman,2,"Yes, there are one or more places",Mostly satisfied
1078,Cis,Male,Cis man,2,"Yes, there are one or more places",Very satisfied
1079,Cis,Male,Cis man,2,"Yes, there are one or more places",Very satisfied
1080,Cis,Female,Cis woman,2,"Yes, there are one or more places",Mostly satisfied
1081,Cis,Female,Cis woman,2,"Yes, there are one or more places",Very satisfied
1083,Cis,Female,Cis woman,2,"Yes, there are one or more places",Very satisfied
1085,Cis,Male,Cis man,2,"Yes, there are one or more places",Very satisfied
1086,Cis,Female,Cis woman,2,"Yes, there are one or more places",Mostly satisfied
1087,Cis,Female,Cis woman,2,"Yes, there are one or more places",Very satisfied
1088,Cis,Male,Cis man,2,"Yes, there are one or more places",Very satisfied
1089,Cis,Female,Cis woman,2,"Yes, there are one or more places",Mostly satisfied
1090,Cis,Male,Cis man,2,"Yes, there are one or more places",Very satisfied
1091,Cis,Female,Cis woman,2,"Yes, there are one or more places",Mostly satisfied
1092,Cis,Female,Cis woman,2,"Yes, there are one or more places",Mostly satisfied
1093,Cis,Female,Cis woman,2,"Yes, there are one or more places",Mostly satisfied
1094,Cis,Female,Cis woman,2,"Yes, there are one or more places",Very satisfied
1095,Cis,Female,Cis woman,2,"Yes, there are one or more places",Mostly satisfied
1096,Cis,Female,Cis woman,2,"Yes, there are one or more places",Mostly satisfied
1097,Cis,Female,Cis woman,2,"Yes, there are one or more places",Mostly satisfied
1098,Cis,Male,Cis man,2,"Yes, there are one or more places",Very satisfied
1099,Cis,Male,Cis man,2,"Yes, there are one or more places",Mostly satisfied
1100,Cis,Female,Cis woman,2,"Yes, there are one or more places",Very satisfied
1101,Cis,Female,Cis woman,2,"Yes, there are one or more places",Very satisfied
1102,Cis,Female,Cis woman,2,"Yes, there are one or more places",Mostly satisfied
1104,Cis,Female,Cis woman,2,"Yes, there are one or more places",Very satisfied
1105,Cis,Male,Cis man,2,"Yes, there are one or more places",Mostly satisfied
1106,Cis,Male,Cis man,2,"Yes, there are one or more places",Very satisfied
1107,Cis,Female,Cis woman,2,"Yes, there are one or more places",Very satisfied
1108,Cis,Female,Cis woman,2,"Yes, there are one or more places",Very satisfied
1109,Cis,Male,Cis man,2,"Yes, there are one or more places",Very satisfied
1111,Cis,Female,Cis woman,2,"Yes, there are one or more places",Very satisfied
1114,Cis,Male,Cis man,2,"Yes, there are one or more places",Mostly satisfied
1115,Cis,Female,Cis woman,2,"Yes, there are one or more places",Very satisfied
1117,Cis,Female,Cis woman,2,"Yes, there are one or more places",Very satisfied
1118,Cis,Male,Cis man,2,"Yes, there are one or more places",Mostly satisfied
1119,Cis,Male,Cis man,2,"Yes, there are one or more places",Very satisfied
1120,Cis,Female,Cis woman,2,"Yes, there are one or more places",Mostly satisfied
1121,Cis,Female,Cis woman,2,"Yes, there are one or more places",Very satisfied
1122,Cis,Male,Cis man,2,"Yes, there are one or more places",Mostly satisfied
1124,Cis,Male,Cis man,2,"Yes, there are one or more places",Very satisfied
1125,Cis,Female,Cis woman,2,"Yes, there are one or more places",Mostly satisfied
1126,Cis,Female,Cis woman,2,"Yes, there are one or more places",Very satisfied
1127,Cis,Male,Cis man,2,"Yes, there are one or more places",Mostly dissatisfied
1128,Cis,Female,Cis woman,2,"Yes, there are one or more places",Neutral
1129,Cis,Male,Cis man,2,"Yes, there are one or more places",Very satisfied
1130,Cis,Female,Cis woman,2,"Yes, there are one or more places",Mostly satisfied
1131,Cis,Male,Cis man,2,"Yes, there are one or more places",Very satisfied
1132,Cis,Male,Cis man,2,"Yes, there are one or more places",Very satisfied
1133,Cis,Male,Cis man,2,"Yes, there are one or more places",Very satisfied
1134,Cis,Male,Cis man,2,"Yes, there are one or more places",Mostly satisfied
1135,Cis,Female,Cis woman,2,"Yes, there are one or more places",Very satisfied
1136,Cis,Female,Cis woman,2,"Yes, there are one or more places",Mostly satisfied
1137,Cis,Female,Cis woman,2,"Yes, there are one or more places",Neutral
1138,Cis,Female,Cis woman,2,"Yes, there are one or more places",Very satisfied
1139,Cis,Male,Cis man,2,"Yes, there are one or more places",Very satisfied
1140,Cis,Male,Cis man,2,"Yes, there are one or more places",Mostly satisfied
1141,Cis,Female,Cis woman,2,"Yes, there are one or more places",Mostly satisfied
1143,Cis,Female,Cis woman,2,"Yes, there are one or more places",Very satisfied
1144,Cis,Male,Cis man,2,"Yes, there are one or more places",Mostly satisfied
1145,Cis,Female,Cis woman,2,"Yes, there are one or more places",Very satisfied
1146,Cis,Female,Cis woman,2,"Yes, there are one or more places",Very satisfied
1147,Cis,Female,Cis woman,2,"Yes, there are one or more places",Mostly satisfied
1148,Cis,Male,Cis man,2,"Yes, there are one or more places",Mostly satisfied
1149,Cis,Male,Cis man,2,"Yes, there are one or more places",Mostly satisfied
1150,Cis,Female,Cis woman,2,"Yes, there are one or more places",Very satisfied
1151,Cis,Female,Cis woman,2,"Yes, there are one or more places",Mostly satisfied
1152,Cis,Male,Cis man,2,"Yes, there are one or more places",Mostly satisfied
1153,Cis,Male,Cis man,2,"Yes, there are one or more places",Mostly satisfied
1154,Cis,Male,Cis man,2,"Yes, there are one or more places",Very satisfied
1155,Cis,Female,Cis woman,2,"Yes, there are one or more places",Very satisfied
1157,Cis,Female,Cis woman,2,"Yes, there are one or more places",Very satisfied
1158,Cis,Male,Cis man,2,"Yes, there are one or more places",Very satisfied
1159,Cis,Male,Cis man,2,"Yes, there are one or more places",Very satisfied
1160,Cis,Female,Cis woman,2,"Yes, there are one or more places",Mostly satisfied
1161,Cis,Male,Cis man,2,"Yes, there are one or more places",Mostly satisfied
1162,Cis,Female,Cis woman,2,"Yes, there are one or more places",Mostly satisfied
1163,Cis,Female,Cis woman,2,"Yes, there are one or more places",Neutral
1164,Cis,Male,Cis man,2,"Yes, there are one or more places",Mostly satisfied
1165,Cis,Female,Cis woman,2,"Yes, there are one or more places",Mostly satisfied
1166,Cis,Female,Cis woman,2,"Yes, there are one or more places",Very satisfied
1169,Cis,Female,Cis woman,2,"Yes, there are one or more places",Very dissatisfied
1170,Cis,Male,Cis man,2,"Yes, there are one or more places",Very satisfied
1171,Cis,Male,Cis man,2,"Yes, there are one or more places",Very satisfied
1172,Cis,Female,Cis woman,2,"Yes, there are one or more places",Very satisfied
1173,Cis,Male,Cis man,2,"Yes, there are one or more places",Very satisfied
1174,Cis,Female,Cis woman,2,"Yes, there are one or more places",Very satisfied
1175,Cis,Male,Cis man,2,"Yes, there are one or more places",Mostly satisfied
1176,Cis,Male,Cis man,2,"Yes, there are one or more places",Very satisfied
1177,Cis,Male,Cis man,2,"Yes, there are one or more places",Mostly satisfied
1178,Cis,Male,Cis man,2,"Yes, there are one or more places",Very satisfied
1179,Cis,Male,Cis man,2,"Yes, there are one or more places",Mostly satisfied
1180,Cis,Male,Cis man,2,"Yes, there are one or more places",Neutral
1181,Cis,Female,Cis woman,2,"Yes, there are one or more places",Neutral
1182,Cis,Female,Cis woman,2,"Yes, there are one or more places",Mostly satisfied
1183,Cis,Female,Cis woman,2,"Yes, there are one or more places",Very satisfied
1184,Cis,Female,Cis woman,2,"Yes, there are one or more places",Mostly satisfied
1185,Cis,Female,Cis woman,2,"Yes, there are one or more places",Mostly satisfied
1186,Cis,Female,Cis woman,2,"Yes, there are one or more places",Mostly satisfied
1187,Cis,Male,Cis man,2,"Yes, there are one or more places",Mostly satisfied
1188,Cis,Male,Cis man,2,"Yes, there are one or more places",Very dissatisfied
1189,Cis,Female,Cis woman,2,"Yes, there are one or more places",Mostly satisfied
1190,Cis,Male,Cis man,2,"Yes, there are one or more places",Very satisfied
1191,Cis,Female,Cis woman,2,"Yes, there are one or more places",Mostly satisfied
1193,Cis,Female,Cis woman,2,"Yes, there are one or more places",Very satisfied
1194,Cis,Male,Cis man,2,"Yes, there are one or more places",Neutral
1195,Cis,Female,Cis woman,2,"Yes, there are one or more places",Mostly dissatisfied
1196,Cis,Male,Cis man,2,"Yes, there are one or more places",Very satisfied
1197,Cis,Male,Cis man,2,"Yes, there are one or more places",Very satisfied
1198,Cis,Male,Cis man,2,"Yes, there are one or more places",Very satisfied
1199,Cis,Male,Cis man,2,"Yes, there are one or more places",Mostly dissatisfied
1200,Cis,Male,Cis man,2,"Yes, there are one or more places",Very satisfied
1201,Cis,Female,Cis woman,2,"Yes, there are one or more places",Mostly satisfied
1202,Cis,Female,Cis woman,2,"Yes, there are one or more places",Mostly satisfied
1203,Cis,Male,Cis man,2,"Yes, there are one or more places",Neutral
1204,Cis,Male,Cis man,2,"Yes, there are one or more places",Very satisfied
1205,Cis,Female,Cis woman,2,"Yes, there are one or more places",Very satisfied
1206,Cis,Male,Cis man,2,"Yes, there are one or more places",Neutral
1207,Cis,Male,Cis man,2,"Yes, there are one or more places",Mostly satisfied
1208,Cis,Male,Cis man,2,"Yes, there are one or more places",Mostly satisfied
1209,Cis,Female,Cis woman,2,"Yes, there are one or more places",Very satisfied
1210,Cis,Female,Cis woman,2,"Yes, there are one or more places",Mostly satisfied
1211,Cis,Female,Cis woman,2,"Yes, there are one or more places",Mostly satisfied
1212,Cis,Male,Cis man,2,"Yes, there are one or more places",Very satisfied
1213,Cis,Male,Cis man,2,"Yes, there are one or more places",Very satisfied
1215,Cis,Female,Cis woman,2,"Yes, there are one or more places",Very satisfied
1217,Cis,Female,Cis woman,2,"Yes, there are one or more places",Mostly satisfied
1218,Cis,Male,Cis man,2,"Yes, there are one or more places",Neutral
1219,Cis,Female,Cis woman,2,"Yes, there are one or more places",Mostly satisfied
1220,Cis,Male,Cis man,2,"Yes, there are one or more places",Mostly satisfied
1221,Cis,Male,Cis man,2,"Yes, there are one or more places",Very satisfied
1222,Cis,Male,Cis man,2,"Yes, there are one or more places",Mostly satisfied
1223,Cis,Male,Cis man,2,"Yes, there are one or more places",Neutral
1224,Cis,Female,Cis woman,2,"Yes, there are one or more places",Mostly satisfied
1226,Cis,Male,Cis man,2,"Yes, there are one or more places",Very satisfied
1227,Cis,Male,Cis man,2,"Yes, there are one or more places",Very satisfied
1229,Cis,Male,Cis man,2,"Yes, there are one or more places",Mostly satisfied
1230,Cis,Male,Cis man,2,"Yes, there are one or more places",Very satisfied
1232,Cis,Male,Cis man,2,"Yes, there are one or more places",Mostly satisfied
1233,Cis,Female,Cis woman,2,"Yes, there are one or more places",Mostly satisfied
1234,Cis,Female,Cis woman,2,"Yes, there are one or more places",Mostly satisfied
1236,Cis,Female,Cis woman,2,"Yes, there are one or more places",Mostly satisfied
1237,Cis,Female,Cis woman,2,"Yes, there are one or more places",Mostly satisfied
1241,Cis,Female,Cis woman,2,"Yes, there are one or more places",Very satisfied
1242,Cis,Male,Cis man,2,"Yes, there are one or more places",Neutral
1243,Cis,Female,Cis woman,2,"Yes, there are one or more places",Very satisfied
1244,Cis,Female,Cis woman,2,"Yes, there are one or more places",Mostly satisfied
1245,Cis,Male,Cis man,2,"Yes, there are one or more places",Very satisfied
1246,Cis,Female,Cis woman,2,"Yes, there are one or more places",Mostly satisfied
1247,Cis,Female,Cis woman,2,"Yes, there are one or more places",Mostly satisfied
1248,Cis,Female,Cis woman,2,"Yes, there are one or more places",Very satisfied
1249,Cis,Male,Cis man,2,"Yes, there are one or more places",Mostly satisfied
1250,Cis,Female,Cis woman,2,"Yes, there are one or more places",Very satisfied
1251,Cis,Female,Cis woman,2,"Yes, there are one or more places",Very satisfied
1252,Cis,Female,Cis woman,2,"Yes, there are one or more places",Mostly satisfied
1253,Cis,Female,Cis woman,2,"Yes, there are one or more places",Very satisfied
1254,Cis,Female,Cis woman,2,"Yes, there are one or more places",Mostly satisfied
1256,Cis,Male,Cis man,2,"Yes, there are one or more places",Mostly satisfied
1257,Cis,Female,Cis woman,2,"Yes, there are one or more places",Very satisfied
1258,Cis,Female,Cis woman,2,"Yes, there are one or more places",Very satisfied
1259,Cis,Female,Cis woman,2,"Yes, there are one or more places",Mostly satisfied
1260,Cis,Male,Cis man,2,"Yes, there are one or more places",Mostly satisfied
1261,Cis,Female,Cis woman,2,"Yes, there are one or more places",Mostly satisfied
1262,Cis,Male,Cis man,2,"Yes, there are one or more places",Mostly satisfied
1264,Cis,Female,Cis woman,2,"Yes, there are one or more places",Very satisfied
1265,Cis,Male,Cis man,2,"Yes, there are one or more places",Very satisfied
1267,Cis,Female,Cis woman,2,"Yes, there are one or more places",Very satisfied
1268,Cis,Female,Cis woman,2,"Yes, there are one or more places",Very satisfied
1269,Cis,Female,Cis woman,2,"Yes, there are one or more places",Very satisfied
1270,Cis,Male,Cis man,2,"Yes, there are one or more places",Very satisfied
1271,Cis,Female,Cis woman,2,"Yes, there are one or more places",Very dissatisfied
1272,Cis,Female,Cis woman,2,"Yes, there are one or more places",Neutral
1273,Cis,Male,Cis man,2,"Yes, there are one or more places",Mostly satisfied
1274,Cis,Female,Cis woman,2,"Yes, there are one or more places",Mostly satisfied
1275,Cis,Male,Cis man,2,"Yes, there are one or more places",Mostly dissatisfied
1276,Cis,Female,Cis woman,2,"Yes, there are one or more places",Mostly satisfied
1277,Cis,Female,Cis woman,2,"Yes, there are one or more places",Mostly satisfied
1278,Cis,Male,Cis man,2,"Yes, there are one or more places",Very satisfied
1279,Cis,Male,Cis man,2,"Yes, there are one or more places",Very satisfied
1280,Cis,Male,Cis man,2,"Yes, there are one or more places",Very satisfied
1281,Cis,Female,Cis woman,2,"Yes, there are one or more places",Very satisfied
1282,Cis,Male,Cis man,2,"Yes, there are one or more places",Very satisfied
1283,Cis,Male,Cis man,2,"Yes, there are one or more places",Very satisfied
1284,Cis,Male,Cis man,2,"Yes, there are one or more places",Very satisfied
1285,Cis,Male,Cis man,2,"Yes, there are one or more places",Mostly satisfied
1286,Cis,Female,Cis woman,2,"Yes, there are one or more places",Mostly satisfied
1287,Cis,Female,Cis woman,2,"Yes, there are one or more places",Very satisfied
1288,Cis,Male,Cis man,2,"Yes, there are one or more places",Very satisfied
1289,Cis,Female,Cis woman,2,"Yes, there are one or more places",Mostly satisfied
1290,Cis,Female,Cis woman,2,"Yes, there are one or more places",Mostly satisfied
1291,Cis,Male,Cis man,2,"Yes, there are one or more places",Mostly satisfied
1292,Cis,Female,Cis woman,2,"Yes, there are one or more places",Very satisfied
1293,Cis,Female,Cis woman,2,"Yes, there are one or more places",Mostly satisfied
1294,Cis,Female,Cis woman,2,"Yes, there are one or more places",Mostly satisfied
1295,Cis,Male,Cis man,2,"Yes, there are one or more places",Mostly satisfied
1296,Cis,Female,Cis woman,2,"Yes, there are one or more places",Very satisfied
1297,Cis,Female,Cis woman,2,"Yes, there are one or more places",Very satisfied
1298,Cis,Male,Cis man,2,"Yes, there are one or more places",Mostly satisfied
1299,Cis,Male,Cis man,2,"Yes, there are one or more places",Mostly satisfied
1300,Cis,Male,Cis man,2,"Yes, there are one or more places",Mostly satisfied
1301,Cis,Male,Cis man,2,"Yes, there are one or more places",Very satisfied
1302,Cis,Male,Cis man,2,"Yes, there are one or more places",Mostly satisfied
1303,Cis,Female,Cis woman,2,"Yes, there are one or more places",Very satisfied
1304,Cis,Female,Cis woman,2,"Yes, there are one or more places",Very satisfied
1305,Cis,Male,Cis man,2,"Yes, there are one or more places",Mostly satisfied
1306,Cis,Female,Cis woman,2,"Yes, there are one or more places",Mostly satisfied
1309,Cis,Female,Cis woman,2,"Yes, there are one or more places",Very satisfied
1311,Cis,Male,Cis man,2,"Yes, there are one or more places",Very satisfied
1312,Cis,Male,Cis man,2,"Yes, there are one or more places",Mostly satisfied
1313,Cis,Female,Cis woman,2,"Yes, there are one or more places",Very satisfied
1314,Cis,Female,Cis woman,2,"Yes, there are one or more places",Very satisfied
1315,Cis,Female,Cis woman,2,"Yes, there are one or more places",Mostly satisfied
1316,Cis,Female,Cis woman,2,"Yes, there are one or more places",Very satisfied
1317,Cis,Female,Cis woman,2,"Yes, there are one or more places",Very satisfied
1318,Cis,Female,Cis woman,2,"Yes, there are one or more places",Very satisfied
1319,Cis,Male,Cis man,2,"Yes, there are one or more places",Very satisfied
1320,Cis,Male,Cis man,2,"Yes, there are one or more places",Mostly satisfied
1321,Cis,Male,Cis man,2,"Yes, there are one or more places",Very satisfied
1322,Cis,Female,Cis woman,2,"Yes, there are one or more places",Mostly satisfied
1323,Cis,Male,Cis man,2,"Yes, there are one or more places",Very satisfied
1324,Cis,Female,Cis woman,2,"Yes, there are one or more places",Very satisfied
1325,Cis,Female,Cis woman,2,"Yes, there are one or more places",Very satisfied
1326,Cis,Female,Cis woman,2,"Yes, there are one or more places",Mostly satisfied
1327,Cis,Female,Cis woman,2,"Yes, there are one or more places",Very satisfied
1328,Cis,Female,Cis woman,2,"Yes, there are one or more places",Mostly satisfied
1329,Cis,Female,Cis woman,2,"Yes, there are one or more places",Mostly satisfied
1330,Cis,Female,Cis woman,2,"Yes, there are one or more places",Mostly satisfied
1332,Cis,Male,Cis man,2,"Yes, there are one or more places",Mostly satisfied
1334,Cis,Female,Cis woman,2,"Yes, there are one or more places",Mostly satisfied
1335,Cis,Male,Cis man,2,"Yes, there are one or more places",Mostly satisfied
1336,Cis,Male,Cis man,2,"Yes, there are one or more places",Very satisfied
1337,Cis,Female,Cis woman,2,"Yes, there are one or more places",Mostly satisfied
1338,Cis,Female,Cis woman,2,"Yes, there are one or more places",Very satisfied
1339,Cis,Female,Cis woman,2,"Yes, there are one or more places",Very satisfied
1340,Trans,Male,Trans woman (MTF),1,"Yes, there are one or more places",Mostly satisfied
1341,Cis,Female,Cis woman,2,"Yes, there are one or more places",Very satisfied
1342,Cis,Female,Cis woman,2,"Yes, there are one or more places",Neutral
1343,Cis,Male,Cis man,2,"Yes, there are one or more places",Mostly satisfied
1345,Cis,Female,Cis woman,2,"Yes, there are one or more places",Mostly satisfied
1346,Cis,Male,Cis man,2,"Yes, there are one or more places",Mostly satisfied
1347,Cis,Male,Cis man,2,"Yes, there are one or more places",Very satisfied
1348,Cis,Female,Cis woman,2,"Yes, there are one or more places",Mostly satisfied
1349,Cis,Female,Cis woman,2,"Yes, there are one or more places",Mostly satisfied
1350,Cis,Male,Cis man,2,"Yes, there are one or more places",Mostly satisfied
1351,Cis,Female,Cis woman,2,"Yes, there are one or more places",Mostly satisfied
1352,Cis,Female,Cis woman,2,"Yes, there are one or more places",Very satisfied
1353,Cis,Female,Cis woman,2,"Yes, there are one or more places",Mostly satisfied
1354,Cis,Male,Cis man,2,"Yes, there are one or more places",Very satisfied
1355,Cis,Male,Cis man,2,"Yes, there are one or more places",Neutral
1357,Cis,Female,Cis woman,2,"Yes, there are one or more places",Very satisfied
1358,Cis,Male,Cis man,2,"Yes, there are one or more places",Mostly satisfied
1359,Cis,Female,Cis woman,2,"Yes, there are one or more places",Very satisfied
1360,Cis,Female,Cis woman,2,"Yes, there are one or more places",Very satisfied
1361,Cis,Female,Cis woman,2,"Yes, there are one or more places",Mostly satisfied
1362,Cis,Female,Cis woman,2,"Yes, there are one or more places",Neutral
1363,Cis,Female,Cis woman,2,"Yes, there are one or more places",Very satisfied
1364,Cis,Male,Cis man,2,"Yes, there are one or more places",Very satisfied
1365,Cis,Male,Cis man,2,"Yes, there are one or more places",Very satisfied
1366,Cis,Female,Cis woman,2,"Yes, there are one or more places",Very satisfied
1367,Cis,Female,Cis woman,2,"Yes, there are one or more places",Very satisfied
1368,Cis,Male,Cis man,2,"Yes, there are one or more places",Very satisfied
1369,Cis,Female,Cis woman,2,"Yes, there are one or more places",Mostly satisfied
1370,Cis,Female,Cis woman,2,"Yes, there are one or more places",Neutral
1371,Cis,Male,Cis man,2,"Yes, there are one or more places",Very satisfied
1372,Cis,Female,Cis woman,2,"Yes, there are one or more places",Mostly satisfied
1373,Cis,Male,Cis man,2,"Yes, there are one or more places",Neutral
1374,Cis,Male,Cis man,2,"Yes, there are one or more places",Very satisfied
1375,Cis,Female,Cis woman,2,"Yes, there are one or more places",Very satisfied
1376,Cis,Male,Cis man,2,"Yes, there are one or more places",Very satisfied
1377,Cis,Female,Cis woman,2,"Yes, there are one or more places",Neutral
1378,Cis,Female,Cis woman,2,"Yes, there are one or more places",Very satisfied
1379,Cis,Female,Cis woman,2,"Yes, there are one or more places",Mostly satisfied
1380,Cis,Female,Cis woman,2,"Yes, there are one or more places",Very satisfied
1381,Cis,Male,Cis man,2,"Yes, there are one or more places",Very satisfied
1382,Cis,Female,Cis woman,2,"Yes, there are one or more places",Mostly satisfied
1383,Cis,Female,Cis woman,2,"Yes, there are one or more places",Neutral
1384,Cis,Female,Cis woman,2,"Yes, there are one or more places",Mostly satisfied
1385,Cis,Female,Cis woman,2,"Yes, there are one or more places",Very satisfied
1386,Cis,Male,Cis man,2,"Yes, there are one or more places",Very satisfied
1387,Cis,Female,Cis woman,2,"Yes, there are one or more places",Very satisfied
1388,Cis,Male,Cis man,2,"Yes, there are one or more places",Mostly satisfied
1389,Cis,Female,Cis woman,2,"Yes, there are one or more places",Mostly satisfied
1390,Cis,Female,Cis woman,2,"Yes, there are one or more places",Very satisfied
1391,Cis,Female,Cis woman,2,"Yes, there are one or more places",Very satisfied
1392,Cis,Male,Cis man,2,"Yes, there are one or more places",Very satisfied
1393,Cis,Male,Cis man,2,"Yes, there are one or more places",Mostly satisfied
1394,Cis,Male,Cis man,2,"Yes, there are one or more places",Very satisfied
1395,Cis,Female,Cis woman,2,"Yes, there are one or more places",Mostly satisfied
1396,Cis,Male,Cis man,2,"Yes, there are one or more places",Mostly satisfied
1397,Cis,Female,Cis woman,2,"Yes, there are one or more places",Very satisfied
1398,Cis,Male,Cis man,2,"Yes, there are one or more places",Neutral
1399,Cis,Female,Cis woman,2,"Yes, there are one or more places",Very satisfied
1400,Cis,Male,Cis man,2,"Yes, there are one or more places",Very satisfied
1401,Cis,Female,Cis woman,2,"Yes, there are one or more places",Very satisfied
1402,Cis,Female,Cis woman,2,"Yes, there are one or more places",Very satisfied
1403,Cis,Male,Cis man,2,"Yes, there are one or more places",Very satisfied
1404,Cis,Male,Cis man,2,"Yes, there are one or more places",Very satisfied
1405,Cis,Male,Cis man,2,"Yes, there are one or more places",Very satisfied
1406,Cis,Male,Cis man,2,"Yes, there are one or more places",Very satisfied
1408,Cis,Female,Cis woman,2,"Yes, there are one or more places",Very satisfied
1409,Cis,Male,Cis man,2,"Yes, there are one or more places",Very satisfied
1410,Cis,Female,Cis woman,2,"Yes, there are one or more places",Very satisfied
1411,Cis,Female,Cis woman,2,"Yes, there are one or more places",Mostly satisfied
1412,Cis,Female,Cis woman,2,"Yes, there are one or more places",Mostly satisfied
1413,Cis,Male,Cis man,2,"Yes, there are one or more places",Mostly satisfied
1415,Cis,Male,Cis man,2,"Yes, there are one or more places",Very satisfied
1416,Cis,Male,Cis man,2,"Yes, there are one or more places",Very satisfied
1417,Cis,Male,Cis man,2,"Yes, there are one or more places",Mostly satisfied
1419,Cis,Female,Cis woman,2,"Yes, there are one or more places",Mostly satisfied
1420,Cis,Female,Cis woman,2,"Yes, there are one or more places",Mostly satisfied
1421,Cis,Female,Cis woman,2,"Yes, there are one or more places",Very satisfied
1422,Cis,Female,Cis woman,2,"Yes, there are one or more places",Mostly satisfied
1423,Cis,Male,Cis man,2,"Yes, there are one or more places",Mostly satisfied
1424,Cis,Male,Cis man,2,"Yes, there are one or more places",Very satisfied
1426,Cis,Female,Cis woman,2,"Yes, there are one or more places",Very satisfied
1427,Cis,Female,Cis woman,2,"Yes, there are one or more places",Mostly satisfied
1428,Cis,Male,Cis man,2,"Yes, there are one or more places",Very satisfied
1429,Cis,Male,Cis man,2,"Yes, there are one or more places",Very satisfied
1430,Cis,Female,Cis woman,2,"Yes, there are one or more places",Very satisfied
1431,Cis,Male,Cis man,2,"Yes, there are one or more places",Very satisfied
1432,Cis,Female,Cis woman,2,"Yes, there are one or more places",Mostly dissatisfied
1434,Cis,Male,Cis man,2,"Yes, there are one or more places",Mostly satisfied
1435,Cis,Male,Cis man,2,"Yes, there are one or more places",Mostly satisfied
